Date,State,Confirmed,Recovered,Deceased,Total Tested
17-02-2021,Jharkhand,0,0,0,10785
18-02-2021,Jharkhand,1,0,0,14511
19-02-2021,Jharkhand,0,1,0,18371
08-03-2021,Gujarat,0,0,0,37043
25-03-2021,Manipur,2,-1,0,885
31-03-2021,Manipur,2,0,0,728
01-04-2021,Maharashtra,43186,32641,249,183198
01-04-2021,Madhya Pradesh,2546,1573,12,25656
01-04-2021,Gujarat,2410,2015,9,101022
01-04-2021,Chandigarh,257,223,1,2030
01-04-2021,Bihar,488,158,2,60262
01-04-2021,Andhra Pradesh,1271,464,3,31809
01-04-2021,Tripura,24,13,0,1884
01-04-2021,Odisha,394,121,0,29260
01-04-2021,Haryana,1609,964,9,26420
01-04-2021,Manipur,1,7,0,942
01-04-2021,Uttarakhand,500,125,2,17870
01-04-2021,Andaman and Nicobar Islands,1,4,0,1592
01-04-2021,Puducherry,260,43,1,2355
01-04-2021,Tamil Nadu,2817,1634,19,85876
01-04-2021,West Bengal,1274,534,2,25766
01-04-2021,Jammu and Kashmir,461,114,4,38075
01-04-2021,Telangana,887,337,4,59297
01-04-2021,Goa,265,104,1,2611
01-04-2021,Karnataka,4234,1599,18,115732
01-04-2021,Uttar Pradesh,2589,510,9,124221
01-04-2021,Kerala,2798,1835,11,54347
01-04-2021,Nagaland,5,0,0,225
01-04-2021,Meghalaya,2,1,0,1290
01-04-2021,Delhi,2790,1121,9,78073
01-04-2021,Lakshadweep,3,8,0,379
01-04-2021,Chhattisgarh,4617,1125,34,40857
01-04-2021,Rajasthan,1350,446,4,36616
01-04-2021,Punjab,3161,2291,58,40571
01-04-2021,Jharkhand,690,162,1,16725
01-04-2021,Assam,58,34,2,12253
01-04-2021,Himachal Pradesh,409,157,4,7203
01-04-2021,Mizoram,3,2,0,803
02-04-2021,Maharashtra,47920,24126,481,183378
02-04-2021,Madhya Pradesh,2777,1482,16,26514
02-04-2021,Gujarat,2640,2066,11,107206
02-04-2021,Chandigarh,287,139,1,2102
02-04-2021,Bihar,662,204,2,63846
02-04-2021,Andhra Pradesh,1288,610,5,31116
02-04-2021,Tripura,4,5,0,1053
02-04-2021,Odisha,461,218,0,30716
02-04-2021,Arunachal Pradesh,1,0,0,104
02-04-2021,Haryana,1861,1191,10,29128
02-04-2021,Manipur,5,12,0,859
02-04-2021,Uttarakhand,364,194,2,9655
02-04-2021,Andaman and Nicobar Islands,0,1,0,1545
02-04-2021,Puducherry,213,82,1,2596
02-04-2021,Tamil Nadu,3290,1715,12,86066
02-04-2021,West Bengal,1733,550,4,26986
02-04-2021,Jammu and Kashmir,517,171,5,40724
02-04-2021,Telangana,965,312,5,59343
02-04-2021,Goa,280,81,1,2029
02-04-2021,Karnataka,4991,1631,6,118933
02-04-2021,Uttar Pradesh,2953,782,16,147628
02-04-2021,Kerala,2509,2287,14,51783
02-04-2021,Nagaland,16,0,0,168
02-04-2021,Meghalaya,15,1,0,2585
02-04-2021,Delhi,3594,2084,14,87505
02-04-2021,Lakshadweep,7,2,0,192
02-04-2021,Chhattisgarh,4174,1260,43,34075
02-04-2021,Rajasthan,1422,499,2,38126
02-04-2021,Punjab,2873,2002,57,41945
02-04-2021,Jharkhand,694,137,1,18397
02-04-2021,Assam,63,38,0,12322
02-04-2021,Himachal Pradesh,406,285,4,4917
02-04-2021,Mizoram,8,0,0,735
03-04-2021,Maharashtra,49456,37821,277,184404
03-04-2021,Madhya Pradesh,2839,1791,15,27231
03-04-2021,Gujarat,2815,2063,13,114584
03-04-2021,Sikkim,8,2,0,680
03-04-2021,Chandigarh,310,245,1,2414
03-04-2021,Bihar,836,255,2,63982
03-04-2021,Andhra Pradesh,1398,787,9,31260
03-04-2021,Tripura,2,5,0,499
03-04-2021,Odisha,452,205,0,26700
03-04-2021,Arunachal Pradesh,3,0,0,194
03-04-2021,Haryana,1959,1184,10,30998
03-04-2021,Manipur,9,6,0,936
03-04-2021,Uttarakhand,464,176,4,9094
03-04-2021,Andaman and Nicobar Islands,14,6,0,1206
03-04-2021,Puducherry,191,137,0,1302
03-04-2021,Tamil Nadu,3446,1834,14,82078
03-04-2021,West Bengal,1736,579,5,26114
03-04-2021,Jammu and Kashmir,501,140,2,38366
03-04-2021,Telangana,1078,331,6,59705
03-04-2021,Goa,219,151,2,2062
03-04-2021,Karnataka,4373,1959,19,123830
03-04-2021,Uttar Pradesh,3187,750,14,166143
03-04-2021,Kerala,2543,1660,12,44779
03-04-2021,Nagaland,1,0,0,89
03-04-2021,Meghalaya,24,0,0,770
03-04-2021,Delhi,3567,2904,10,79617
03-04-2021,Lakshadweep,7,11,0,497
03-04-2021,Chhattisgarh,5818,1328,36,40875
03-04-2021,Rajasthan,1675,418,3,26774
03-04-2021,Punjab,2686,2781,49,28700
03-04-2021,Jharkhand,873,161,7,20047
03-04-2021,Assam,68,32,0,16024
03-04-2021,Himachal Pradesh,418,308,4,5725
03-04-2021,Mizoram,3,0,0,386
04-04-2021,Maharashtra,57087,27508,222,196988
04-04-2021,Madhya Pradesh,3178,2201,11,28705
04-04-2021,Gujarat,2875,2024,14,112833
04-04-2021,Chandigarh,341,352,1,2738
04-04-2021,Bihar,864,245,1,67033
04-04-2021,Andhra Pradesh,1730,842,5,31072
04-04-2021,Tripura,14,0,0,1225
04-04-2021,Odisha,471,300,1,29281
04-04-2021,Haryana,1904,1110,7,28407
04-04-2021,Manipur,8,7,0,1388
04-04-2021,Uttarakhand,571,148,2,35118
04-04-2021,Andaman and Nicobar Islands,11,3,0,1619
04-04-2021,Puducherry,227,109,0,2416
04-04-2021,Tamil Nadu,3581,1813,14,82791
04-04-2021,West Bengal,1957,644,4,26768
04-04-2021,Jammu and Kashmir,573,189,3,42347
04-04-2021,Telangana,1321,293,5,62973
04-04-2021,Goa,265,167,1,2057
04-04-2021,Karnataka,4553,2060,15,119881
04-04-2021,Uttar Pradesh,4136,863,31,177761
04-04-2021,Kerala,2802,2173,10,45171
04-04-2021,Nagaland,1,0,0,164
04-04-2021,Meghalaya,16,2,0,1668
04-04-2021,Delhi,4033,2677,21,86899
04-04-2021,Lakshadweep,1,3,0,531
04-04-2021,Chhattisgarh,5250,3076,36,26911
04-04-2021,Rajasthan,1729,587,2,46467
04-04-2021,Punjab,3006,2955,51,36771
04-04-2021,Jharkhand,787,148,8,14227
04-04-2021,Assam,69,48,2,7075
04-04-2021,Himachal Pradesh,409,256,10,3813
04-04-2021,Mizoram,3,3,0,547
05-04-2021,Maharashtra,47297,26252,155,175682
05-04-2021,Madhya Pradesh,3398,2064,15,31389
05-04-2021,Gujarat,3160,2028,15,116221
05-04-2021,Chandigarh,285,372,1,2104
05-04-2021,Bihar,935,349,3,72418
05-04-2021,Andhra Pradesh,1326,911,5,30678
05-04-2021,Tripura,3,10,0,509
05-04-2021,Odisha,573,215,0,28109
05-04-2021,Arunachal Pradesh,2,0,0,356
05-04-2021,Haryana,2040,1501,8,18663
05-04-2021,Manipur,5,9,0,1039
05-04-2021,Uttarakhand,547,323,2,28381
05-04-2021,Andaman and Nicobar Islands,7,11,0,1444
05-04-2021,Puducherry,180,95,0,2702
05-04-2021,Tamil Nadu,3672,1842,11,80056
05-04-2021,West Bengal,1961,664,4,26174
05-04-2021,Jammu and Kashmir,442,241,2,35257
05-04-2021,Telangana,1097,268,6,43070
05-04-2021,Goa,247,142,2,2046
05-04-2021,Karnataka,5279,1856,32,97829
05-04-2021,Uttar Pradesh,3974,879,13,161266
05-04-2021,Kerala,2357,1866,12,40191
05-04-2021,Nagaland,2,0,0,105
05-04-2021,Meghalaya,4,7,0,1108
05-04-2021,Delhi,3548,2936,15,64003
05-04-2021,Lakshadweep,3,8,0,374
05-04-2021,Chhattisgarh,7302,1412,44,40053
05-04-2021,Rajasthan,2429,527,12,19774
05-04-2021,Punjab,2692,2515,72,21605
05-04-2021,Jharkhand,1086,438,10,19253
05-04-2021,Assam,70,60,0,17605
05-04-2021,Himachal Pradesh,609,268,6,4770
05-04-2021,Mizoram,1,5,0,426
06-04-2021,Maharashtra,55477,34256,297,201693
06-04-2021,Madhya Pradesh,3722,2203,18,33493
06-04-2021,Gujarat,3280,2167,17,125383
06-04-2021,Chandigarh,319,342,2,2361
06-04-2021,Bihar,1080,267,2,81314
06-04-2021,Andhra Pradesh,1941,835,7,31657
06-04-2021,Tripura,14,6,0,1402
06-04-2021,Odisha,588,266,0,25005
06-04-2021,Arunachal Pradesh,2,1,0,259
06-04-2021,Haryana,2099,1115,9,32449
06-04-2021,Manipur,7,1,0,1135
06-04-2021,Uttarakhand,856,351,7,48863
06-04-2021,Andaman and Nicobar Islands,7,9,0,1467
06-04-2021,Puducherry,237,139,2,3018
06-04-2021,Tamil Nadu,3645,1809,15,80856
06-04-2021,West Bengal,2058,722,7,29394
06-04-2021,Jammu and Kashmir,561,230,2,39657
06-04-2021,Telangana,1498,245,6,62350
06-04-2021,Goa,387,95,1,2809
06-04-2021,Karnataka,6150,3487,39,102021
06-04-2021,Uttar Pradesh,5895,1176,30,179575
06-04-2021,Kerala,3502,1898,14,59051
06-04-2021,Nagaland,2,2,0,170
06-04-2021,Meghalaya,9,4,0,1352
06-04-2021,Delhi,5100,2330,17,103453
06-04-2021,Lakshadweep,7,0,0,186
06-04-2021,Chhattisgarh,9921,1719,53,47973
06-04-2021,Rajasthan,2236,851,13,51715
06-04-2021,Punjab,2905,2350,61,43844
06-04-2021,Jharkhand,1264,298,4,27379
06-04-2021,Assam,92,34,2,14740
06-04-2021,Himachal Pradesh,483,456,5,7187
06-04-2021,Mizoram,9,1,0,735
07-04-2021,Maharashtra,59920,30296,322,231250
07-04-2021,Madhya Pradesh,4043,2126,13,33419
07-04-2021,Gujarat,3575,2217,22,123866
07-04-2021,Chandigarh,399,313,2,3112
07-04-2021,Bihar,1527,553,3,85050
07-04-2021,Andhra Pradesh,2331,853,11,31812
07-04-2021,Tripura,21,1,1,1134
07-04-2021,Odisha,791,246,1,31531
07-04-2021,Arunachal Pradesh,8,2,0,330
07-04-2021,Haryana,2366,1198,11,32584
07-04-2021,Manipur,12,0,0,883
07-04-2021,Uttarakhand,1206,88,5,31249
07-04-2021,Andaman and Nicobar Islands,8,10,0,1744
07-04-2021,Puducherry,173,125,1,1149
07-04-2021,Tamil Nadu,3986,1824,17,80535
07-04-2021,West Bengal,2390,867,8,29394
07-04-2021,Jammu and Kashmir,812,254,6,43875
07-04-2021,Telangana,1914,285,5,74274
07-04-2021,Goa,527,138,2,2639
07-04-2021,Karnataka,6976,2794,35,125390
07-04-2021,Uttar Pradesh,6002,1484,40,187304
07-04-2021,Kerala,3502,1955,16,60554
07-04-2021,Nagaland,11,2,0,225
07-04-2021,Meghalaya,5,1,0,1765
07-04-2021,Delhi,5506,3363,20,90201
07-04-2021,Lakshadweep,19,4,0,319
07-04-2021,Chhattisgarh,10310,3819,53,42289
07-04-2021,Rajasthan,2801,783,12,49948
07-04-2021,Punjab,2963,2959,62,43482
07-04-2021,Jharkhand,1312,277,7,22105
07-04-2021,Assam,195,31,0,21162
07-04-2021,Himachal Pradesh,640,226,9,7400
07-04-2021,Mizoram,8,6,0,1149
08-04-2021,Maharashtra,56308,36130,376,236815
08-04-2021,Madhya Pradesh,4324,2296,27,33463
08-04-2021,Gujarat,4021,2197,35,134831
08-04-2021,Chandigarh,324,329,1,2522
08-04-2021,Bihar,1911,328,4,89704
08-04-2021,Andhra Pradesh,2558,915,6,31268
08-04-2021,Tripura,37,3,0,1512
08-04-2021,Odisha,879,228,0,31057
08-04-2021,Arunachal Pradesh,12,0,0,499
08-04-2021,Haryana,2872,969,11,32963
08-04-2021,Manipur,16,3,1,1069
08-04-2021,Uttarakhand,790,265,3,30074
08-04-2021,Andaman and Nicobar Islands,18,7,0,1638
08-04-2021,Puducherry,293,113,0,3451
08-04-2021,Tamil Nadu,4276,1869,19,85281
08-04-2021,West Bengal,2783,957,7,33499
08-04-2021,Jammu and Kashmir,835,246,1,44024
08-04-2021,Telangana,2055,303,7,87332
08-04-2021,Goa,582,107,2,3206
08-04-2021,Karnataka,6570,2393,36,108757
08-04-2021,Uttar Pradesh,8474,1084,39,205229
08-04-2021,Kerala,4355,2205,18,63901
08-04-2021,Nagaland,5,0,0,205
08-04-2021,Meghalaya,25,1,1,1781
08-04-2021,Delhi,7437,3687,24,91770
08-04-2021,Lakshadweep,8,3,0,276
08-04-2021,Chhattisgarh,10652,1316,94,48743
08-04-2021,Rajasthan,3526,520,20,52302
08-04-2021,Punjab,3070,2480,56,46372
08-04-2021,Jharkhand,1882,498,7,29729
08-04-2021,Assam,245,68,1,22888
08-04-2021,Himachal Pradesh,634,260,6,8440
08-04-2021,Mizoram,14,3,0,1374
09-04-2021,Maharashtra,59008,45391,301,245707
09-04-2021,Madhya Pradesh,4882,2433,23,37462
09-04-2021,Gujarat,4541,2280,42,134332
09-04-2021,Chandigarh,422,320,4,3260
09-04-2021,Bihar,2174,318,3,90751
09-04-2021,Andhra Pradesh,2765,1245,11,31892
09-04-2021,Tripura,32,8,0,1686
09-04-2021,Odisha,1282,310,1,29081
09-04-2021,Arunachal Pradesh,2,1,0,531
09-04-2021,Haryana,2994,1970,11,36226
09-04-2021,Manipur,12,8,0,650
09-04-2021,Uttarakhand,822,327,5,32169
09-04-2021,Andaman and Nicobar Islands,12,1,0,1552
09-04-2021,Puducherry,223,139,0,3751
09-04-2021,Tamil Nadu,5441,1890,23,88135
09-04-2021,West Bengal,3648,1146,8,36117
09-04-2021,Jammu and Kashmir,808,312,4,43035
09-04-2021,Telangana,2478,363,5,101986
09-04-2021,Goa,428,159,3,2761
09-04-2021,Karnataka,7955,3220,46,135163
09-04-2021,Uttar Pradesh,9587,583,36,197653
09-04-2021,Kerala,5065,2475,22,63240
09-04-2021,Meghalaya,42,6,0,2569
09-04-2021,Delhi,8521,5032,39,109398
09-04-2021,Lakshadweep,6,9,0,572
09-04-2021,Chhattisgarh,11447,2613,91,46711
09-04-2021,Rajasthan,3970,1005,12,54916
09-04-2021,Punjab,3404,2518,56,35492
09-04-2021,Jharkhand,1925,553,17,25718
09-04-2021,Assam,281,38,3,25119
09-04-2021,Himachal Pradesh,670,501,7,8496
09-04-2021,Mizoram,36,3,0,1388
10-04-2021,Maharashtra,55429,53005,309,219977
10-04-2021,Madhya Pradesh,4986,2741,24,37538
10-04-2021,Gujarat,5011,2525,49,149124
10-04-2021,Chandigarh,398,343,3,3115
10-04-2021,Bihar,3469,822,6,95112
10-04-2021,Andhra Pradesh,3309,1053,12,31929
10-04-2021,Tripura,41,1,0,1447
10-04-2021,Odisha,1374,403,2,33996
10-04-2021,Arunachal Pradesh,3,1,0,320
10-04-2021,Haryana,2937,1615,11,34236
10-04-2021,Manipur,11,1,0,1049
10-04-2021,Uttarakhand,1289,317,3,33668
10-04-2021,Andaman and Nicobar Islands,14,10,0,2113
10-04-2021,Puducherry,272,136,2,3821
10-04-2021,Tamil Nadu,5989,1952,23,84546
10-04-2021,West Bengal,4043,1268,12,36865
10-04-2021,Jammu and Kashmir,1005,359,6,42060
10-04-2021,Telangana,2909,584,6,111726
10-04-2021,Goa,540,167,1,2960
10-04-2021,Karnataka,6955,3350,36,98790
10-04-2021,Uttar Pradesh,12748,2207,46,212252
10-04-2021,Kerala,6194,2584,17,61957
10-04-2021,Nagaland,16,2,0,588
10-04-2021,Meghalaya,39,4,0,2310
10-04-2021,Delhi,7897,5716,39,77374
10-04-2021,Lakshadweep,10,5,0,396
10-04-2021,Chhattisgarh,14098,4983,123,50156
10-04-2021,Rajasthan,4401,562,18,56020
10-04-2021,Punjab,3239,2385,58,37774
10-04-2021,Jharkhand,2373,667,17,28874
10-04-2021,Assam,405,79,2,68075
10-04-2021,Himachal Pradesh,935,373,12,8615
10-04-2021,Mizoram,25,0,0,785
11-04-2021,Maharashtra,63326,34008,349,263137
11-04-2021,Madhya Pradesh,5939,3306,24,39288
11-04-2021,Gujarat,5469,2976,54,145177
11-04-2021,Chandigarh,402,357,3,3186
11-04-2021,Bihar,3756,1053,6,99023
11-04-2021,Andhra Pradesh,3495,1198,9,31719
11-04-2021,Tripura,48,0,0,1867
11-04-2021,Odisha,1379,459,0,31651
11-04-2021,Arunachal Pradesh,4,0,0,144
11-04-2021,Haryana,3440,1896,16,34856
11-04-2021,Manipur,10,3,1,727
11-04-2021,Uttarakhand,1333,243,8,32618
11-04-2021,Andaman and Nicobar Islands,15,2,0,2049
11-04-2021,Puducherry,306,206,2,3348
11-04-2021,Tamil Nadu,6618,2314,22,88538
11-04-2021,West Bengal,4398,1773,10,40372
11-04-2021,Jammu and Kashmir,915,330,5,43821
11-04-2021,Telangana,3187,787,7,115311
11-04-2021,Goa,525,170,2,2505
11-04-2021,Karnataka,10250,2638,40,132706
11-04-2021,Uttar Pradesh,15276,2769,67,203824
11-04-2021,Kerala,6987,2358,16,65003
11-04-2021,Nagaland,6,2,2,215
11-04-2021,Meghalaya,28,40,0,1886
11-04-2021,Delhi,10774,5158,48,114288
11-04-2021,Lakshadweep,5,3,0,213
11-04-2021,Chhattisgarh,10521,5982,122,40178
11-04-2021,Rajasthan,5105,1015,10,57413
11-04-2021,Punjab,3039,3121,59,37664
11-04-2021,Jharkhand,2296,635,21,39331
11-04-2021,Assam,352,36,1,73329
11-04-2021,Himachal Pradesh,570,506,0,5186
11-04-2021,Mizoram,29,1,0,1582
12-04-2021,Maharashtra,51773,52312,258,208021
12-04-2021,Madhya Pradesh,6489,3117,37,38306
12-04-2021,Gujarat,6021,2854,55,143278
12-04-2021,Chandigarh,424,375,1,3132
12-04-2021,Bihar,2999,636,6,80018
12-04-2021,Andhra Pradesh,3263,1091,11,33755
12-04-2021,Tripura,10,2,1,871
12-04-2021,Odisha,1741,538,2,30097
12-04-2021,Arunachal Pradesh,6,1,0,315
12-04-2021,Haryana,3818,2298,14,24988
12-04-2021,Manipur,18,22,0,912
12-04-2021,Uttarakhand,1533,605,7,36432
12-04-2021,Andaman and Nicobar Islands,11,10,0,1649
12-04-2021,Puducherry,512,232,2,3451
12-04-2021,Tamil Nadu,6711,2339,19,82982
12-04-2021,West Bengal,4511,1947,14,37116
12-04-2021,Jammu and Kashmir,991,418,0,34121
12-04-2021,Telangana,2251,565,6,79027
12-04-2021,Goa,476,231,2,2277
12-04-2021,Karnataka,9579,2767,52,116165
12-04-2021,Uttar Pradesh,13604,3197,72,193468
12-04-2021,Kerala,5692,2474,11,45417
12-04-2021,Nagaland,12,0,0,186
12-04-2021,Meghalaya,26,23,0,1083
12-04-2021,Delhi,11491,7665,72,92397
12-04-2021,Lakshadweep,14,1,0,361
12-04-2021,Chhattisgarh,13576,4865,132,45997
12-04-2021,Rajasthan,5771,1291,25,26318
12-04-2021,Punjab,3451,3407,52,22586
12-04-2021,Jharkhand,2366,937,19,37028
12-04-2021,Assam,583,98,0,102182
12-04-2021,Himachal Pradesh,1008,381,9,6347
12-04-2021,Mizoram,7,10,1,520
13-04-2021,Maharashtra,60223,31624,281,237658
13-04-2021,Madhya Pradesh,8998,4070,40,46526
13-04-2021,Gujarat,6690,2748,67,149329
13-04-2021,Chandigarh,397,381,1,2785
13-04-2021,Bihar,4157,1047,14,93523
13-04-2021,Andhra Pradesh,4228,1483,10,35582
13-04-2021,Tripura,62,7,0,2099
13-04-2021,Odisha,1784,523,2,28013
13-04-2021,Arunachal Pradesh,14,0,0,638
13-04-2021,Haryana,3845,2109,16,34828
13-04-2021,Manipur,26,11,0,811
13-04-2021,Uttarakhand,1925,405,13,46126
13-04-2021,Andaman and Nicobar Islands,8,4,0,2075
13-04-2021,Puducherry,418,209,3,5050
13-04-2021,Tamil Nadu,6984,3289,18,83332
13-04-2021,West Bengal,4817,2278,20,42214
13-04-2021,Jammu and Kashmir,1269,493,3,37016
13-04-2021,Telangana,3052,778,7,113007
13-04-2021,Goa,562,236,3,2507
13-04-2021,Karnataka,8778,6079,67,121899
13-04-2021,Uttar Pradesh,17963,3474,85,219011
13-04-2021,Kerala,7515,2959,20,73441
13-04-2021,Nagaland,12,3,0,267
13-04-2021,Meghalaya,87,10,0,2202
13-04-2021,Delhi,13468,7972,81,102460
13-04-2021,Lakshadweep,21,9,0,335
13-04-2021,Chhattisgarh,15121,4682,156,53793
13-04-2021,Rajasthan,5528,1251,28,59209
13-04-2021,Punjab,2980,2612,50,39037
13-04-2021,Jharkhand,2844,1003,29,36674
13-04-2021,Assam,590,52,1,59310
13-04-2021,Himachal Pradesh,619,408,11,8730
13-04-2021,Mizoram,36,1,0,1660
14-04-2021,Maharashtra,58974,39624,278,242149
14-04-2021,Madhya Pradesh,9720,3657,51,44732
14-04-2021,Gujarat,7410,2642,73,153072
14-04-2021,Chandigarh,421,417,3,3085
14-04-2021,Bihar,4786,1189,21,100134
14-04-2021,Andhra Pradesh,4157,1606,18,35732
14-04-2021,Tripura,39,22,0,2083
14-04-2021,Odisha,2267,610,3,33251
14-04-2021,Arunachal Pradesh,10,1,0,296
14-04-2021,Haryana,5398,2166,18,39543
14-04-2021,Manipur,21,6,0,849
14-04-2021,Uttarakhand,1993,483,13,45256
14-04-2021,Andaman and Nicobar Islands,38,24,1,1874
14-04-2021,Puducherry,476,242,2,4376
14-04-2021,Tamil Nadu,7819,3464,25,97668
14-04-2021,West Bengal,5892,2297,24,43463
14-04-2021,Jammu and Kashmir,1086,372,5,37959
14-04-2021,Telangana,2157,821,8,72364
14-04-2021,Goa,473,245,4,2236
14-04-2021,Karnataka,11265,4364,38,113242
14-04-2021,Uttar Pradesh,20439,4517,67,210796
14-04-2021,Kerala,8779,2642,22,65258
14-04-2021,Nagaland,15,102,0,344
14-04-2021,Meghalaya,98,5,0,2711
14-04-2021,Delhi,17282,9952,104,108534
14-04-2021,Lakshadweep,11,0,0,444
14-04-2021,Chhattisgarh,14250,4633,120,46528
14-04-2021,Rajasthan,6200,1956,29,39886
14-04-2021,Punjab,3302,3173,63,32242
14-04-2021,Jharkhand,3198,1798,31,37586
14-04-2021,Assam,385,106,3,30065
14-04-2021,Himachal Pradesh,925,252,13,7638
14-04-2021,Mizoram,30,1,0,1890
15-04-2021,Maharashtra,61716,53335,349,234452
15-04-2021,Madhya Pradesh,10166,3970,53,47820
15-04-2021,Gujarat,8152,3023,81,159115
15-04-2021,Chandigarh,412,409,3,2964
15-04-2021,Bihar,6133,755,24,101236
15-04-2021,Andhra Pradesh,5086,1745,14,35741
15-04-2021,Odisha,2989,837,2,34571
15-04-2021,Arunachal Pradesh,8,6,0,211
15-04-2021,Haryana,5858,2743,18,31493
15-04-2021,Manipur,18,10,0,849
15-04-2021,Uttarakhand,2320,397,9,38611
15-04-2021,Andaman and Nicobar Islands,15,4,0,2054
15-04-2021,Puducherry,413,176,1,2811
15-04-2021,Tamil Nadu,7987,4176,29,95387
15-04-2021,West Bengal,6769,2387,22,42121
15-04-2021,Jammu and Kashmir,1141,487,4,36794
15-04-2021,Telangana,3307,897,8,106627
15-04-2021,Goa,757,182,5,2711
15-04-2021,Karnataka,14738,3591,66,129400
15-04-2021,Uttar Pradesh,22339,4222,104,206409
15-04-2021,Kerala,8127,2700,20,60900
15-04-2021,Nagaland,43,3,0,246
15-04-2021,Meghalaya,97,3,0,1707
15-04-2021,Delhi,16699,13014,112,82569
15-04-2021,Lakshadweep,56,8,0,524
15-04-2021,Chhattisgarh,15256,11988,135,53454
15-04-2021,Rajasthan,6658,2254,33,43383
15-04-2021,Punjab,4311,2478,50,33688
15-04-2021,Jharkhand,3480,1325,28,38110
15-04-2021,Assam,499,85,1,18323
15-04-2021,Himachal Pradesh,1035,589,11,5815
15-04-2021,Mizoram,37,7,0,2317
16-04-2021,Maharashtra,63751,45335,398,272226
16-04-2021,Madhya Pradesh,11045,7496,60,49903
16-04-2021,Gujarat,8920,3387,94,160975
16-04-2021,Chandigarh,481,428,1,3025
16-04-2021,Bihar,6253,1853,13,100404
16-04-2021,Andhra Pradesh,6096,2194,20,35962
16-04-2021,Tripura,31,7,0,1580
16-04-2021,Odisha,3108,952,3,31891
16-04-2021,Arunachal Pradesh,28,2,0,571
16-04-2021,Haryana,6277,2958,20,41658
16-04-2021,Manipur,31,7,0,1193
16-04-2021,Uttarakhand,2645,1080,17,32944
16-04-2021,Andaman and Nicobar Islands,27,28,0,2004
16-04-2021,Puducherry,531,220,3,4714
16-04-2021,Tamil Nadu,8449,4920,33,97201
16-04-2021,West Bengal,6910,2818,26,40153
16-04-2021,Jammu and Kashmir,1144,562,2,35012
16-04-2021,Telangana,3840,1198,9,121880
16-04-2021,Goa,927,282,6,3189
16-04-2021,Karnataka,14859,4027,78,133737
16-04-2021,Uttar Pradesh,27360,6429,103,223429
16-04-2021,Kerala,10031,3792,21,67775
16-04-2021,Nagaland,23,2,1,270
16-04-2021,Meghalaya,121,12,1,2447
16-04-2021,Delhi,19486,12649,141,98957
16-04-2021,Lakshadweep,44,11,0,687
16-04-2021,Chhattisgarh,14912,12240,138,49584
16-04-2021,Rajasthan,7359,2791,31,60898
16-04-2021,Punjab,3891,3129,50,44117
16-04-2021,Jharkhand,3843,1393,56,35265
16-04-2021,Assam,573,113,4,32421
16-04-2021,Himachal Pradesh,842,484,9,6389
16-04-2021,Mizoram,25,5,0,2481
17-04-2021,Maharashtra,67145,56783,419,272035
17-04-2021,Madhya Pradesh,11269,6497,66,52568
17-04-2021,Gujarat,9541,3783,97,173566
17-04-2021,Chandigarh,431,438,2,3016
17-04-2021,Bihar,7870,1804,34,100555
17-04-2021,Andhra Pradesh,7224,2332,15,35907
17-04-2021,Tripura,58,11,0,2141
17-04-2021,Odisha,3144,1303,4,37245
17-04-2021,Arunachal Pradesh,19,6,0,659
17-04-2021,Haryana,7717,2944,32,43987
17-04-2021,Manipur,39,14,0,1157
17-04-2021,Uttarakhand,2835,802,37,52301
17-04-2021,Andaman and Nicobar Islands,42,36,1,2250
17-04-2021,Puducherry,715,198,3,4748
17-04-2021,Tamil Nadu,9344,5263,39,100804
17-04-2021,West Bengal,7713,3426,34,46971
17-04-2021,Jammu and Kashmir,1145,852,3,36531
17-04-2021,Telangana,4446,1414,12,126235
17-04-2021,Goa,762,436,4,3494
17-04-2021,Karnataka,17489,5564,80,143308
17-04-2021,Uttar Pradesh,27334,7831,120,215683
17-04-2021,Kerala,13838,3654,27,81211
17-04-2021,Nagaland,36,0,0,366
17-04-2021,Meghalaya,95,11,0,1882
17-04-2021,Delhi,24375,15414,167,99230
17-04-2021,Lakshadweep,106,5,0,1246
17-04-2021,Chhattisgarh,16083,9828,158,53916
17-04-2021,Rajasthan,9046,2823,37,66561
17-04-2021,Punjab,4431,2615,62,43042
17-04-2021,Jharkhand,3838,1234,30,40990
17-04-2021,Assam,876,149,2,43268
17-04-2021,Himachal Pradesh,1383,656,12,10907
17-04-2021,Mizoram,62,1,0,2070
18-04-2021,Maharashtra,68650,45654,503,273272
18-04-2021,Madhya Pradesh,12248,7495,66,53628
18-04-2021,Gujarat,10340,3981,110,165711
18-04-2021,Chandigarh,625,411,3,3550
18-04-2021,Bihar,8690,3460,27,100604
18-04-2021,Andhra Pradesh,6582,2343,22,35922
18-04-2021,Tripura,69,7,0,2588
18-04-2021,Odisha,3664,1309,2,34450
18-04-2021,Arunachal Pradesh,20,3,0,238
18-04-2021,Haryana,7177,3489,29,43883
18-04-2021,Manipur,72,7,0,1195
18-04-2021,Uttarakhand,2633,708,12,32821
18-04-2021,Andaman and Nicobar Islands,59,54,0,2347
18-04-2021,Puducherry,663,282,3,5070
18-04-2021,Tamil Nadu,10723,5925,42,110130
18-04-2021,West Bengal,8419,4053,28,46074
18-04-2021,Jammu and Kashmir,1526,963,6,39840
18-04-2021,Telangana,5093,1555,15,129637
18-04-2021,Goa,951,531,11,3256
18-04-2021,Karnataka,19067,4603,81,145645
18-04-2021,Uttar Pradesh,30566,9041,127,236609
18-04-2021,Kerala,18257,4565,25,108898
18-04-2021,Nagaland,19,8,0,255
18-04-2021,Meghalaya,71,41,1,1865
18-04-2021,Delhi,25462,20159,161,85620
18-04-2021,Lakshadweep,114,4,0,1367
18-04-2021,Chhattisgarh,12345,14556,170,42652
18-04-2021,Rajasthan,10262,3084,42,64875
18-04-2021,Punjab,4900,3141,68,46695
18-04-2021,Jharkhand,3992,1551,50,41900
18-04-2021,Assam,639,159,6,23300
18-04-2021,Himachal Pradesh,782,532,10,8509
19-04-2021,Maharashtra,58953,52412,351,221626
19-04-2021,Madhya Pradesh,12897,6836,79,50942
19-04-2021,Gujarat,11403,4179,117,158480
19-04-2021,Chandigarh,612,429,4,3006
19-04-2021,Bihar,7487,2619,41,83361
19-04-2021,Andhra Pradesh,5963,2569,27,37765
19-04-2021,Tripura,32,15,0,1389
19-04-2021,Odisha,4445,1503,4,36175
19-04-2021,Arunachal Pradesh,65,11,0,1162
19-04-2021,Haryana,6842,3663,33,32278
19-04-2021,Manipur,54,12,1,967
19-04-2021,Uttarakhand,2193,532,24,30330
19-04-2021,Andaman and Nicobar Islands,31,12,0,1668
19-04-2021,Puducherry,565,336,5,3564
19-04-2021,Tamil Nadu,10941,6172,44,111590
19-04-2021,West Bengal,8426,4608,38,42118
19-04-2021,Jammu and Kashmir,1516,813,6,34092
19-04-2021,Telangana,4009,1878,14,83089
19-04-2021,Goa,940,428,17,2726
19-04-2021,Karnataka,15785,7098,146,123212
19-04-2021,Uttar Pradesh,28211,10978,167,200542
19-04-2021,Kerala,13644,4305,21,87275
19-04-2021,Nagaland,15,0,0,152
19-04-2021,Meghalaya,110,33,1,1346
19-04-2021,Delhi,23686,21500,240,90696
19-04-2021,Lakshadweep,117,17,0,1587
19-04-2021,Chhattisgarh,13834,12678,175,48673
19-04-2021,Rajasthan,11967,2408,53,40180
19-04-2021,Punjab,4622,3418,83,31686
19-04-2021,Jharkhand,4290,1777,46,38081
19-04-2021,Assam,1367,312,7,65410
19-04-2021,Himachal Pradesh,1697,593,13,5643
19-04-2021,Mizoram,45,9,0,607
20-04-2021,Maharashtra,62115,54224,519,265925
20-04-2021,Madhya Pradesh,12727,8937,77,51385
20-04-2021,Gujarat,12206,4339,121,173582
20-04-2021,Chandigarh,602,443,4,3026
20-04-2021,Bihar,10455,3577,51,106156
20-04-2021,Andhra Pradesh,8987,3116,35,37922
20-04-2021,Tripura,60,16,0,2566
20-04-2021,Odisha,4761,1740,5,32349
20-04-2021,Arunachal Pradesh,61,15,0,1992
20-04-2021,Haryana,7811,3367,35,46756
20-04-2021,Manipur,94,4,1,1953
20-04-2021,Uttarakhand,3113,734,27,28024
20-04-2021,Andaman and Nicobar Islands,45,31,0,1753
20-04-2021,Puducherry,638,253,4,5670
20-04-2021,Tamil Nadu,10986,6250,48,101329
20-04-2021,West Bengal,9819,4805,46,50044
20-04-2021,Jammu and Kashmir,2030,716,8,39256
20-04-2021,Telangana,5926,2209,18,122143
20-04-2021,Goa,1160,440,26,3597
20-04-2021,Karnataka,21794,4571,149,147488
20-04-2021,Uttar Pradesh,29574,14391,162,199830
20-04-2021,Kerala,19577,3880,28,112221
20-04-2021,Nagaland,96,0,0,492
20-04-2021,Meghalaya,137,34,0,1927
20-04-2021,Delhi,28395,19430,277,86526
20-04-2021,Lakshadweep,53,26,0,482
20-04-2021,Chhattisgarh,15625,18746,191,50699
20-04-2021,Rajasthan,12201,3207,64,85843
20-04-2021,Punjab,4656,3198,60,51389
20-04-2021,Jharkhand,5080,2334,45,33950
20-04-2021,Assam,1651,279,3,67151
20-04-2021,Himachal Pradesh,1340,1078,16,9744
21-04-2021,Maharashtra,67492,54985,568,272744
21-04-2021,Madhya Pradesh,13107,9035,75,54548
21-04-2021,Gujarat,12553,4802,125,182011
21-04-2021,Chandigarh,622,454,2,2970
21-04-2021,Bihar,12222,4774,56,105980
21-04-2021,Andhra Pradesh,9716,3359,38,39619
21-04-2021,Odisha,4851,2009,5,38548
21-04-2021,Arunachal Pradesh,73,16,0,2338
21-04-2021,Haryana,9623,3928,45,45826
21-04-2021,Manipur,92,22,2,1565
21-04-2021,Uttarakhand,4807,894,34,36657
21-04-2021,Andaman and Nicobar Islands,24,33,0,1935
21-04-2021,Puducherry,619,283,5,5607
21-04-2021,Tamil Nadu,11681,7071,53,112661
21-04-2021,West Bengal,10784,5616,58,50014
21-04-2021,Jammu and Kashmir,2204,733,13,43807
21-04-2021,Telangana,6542,2887,20,130105
21-04-2021,Goa,1502,426,17,4089
21-04-2021,Karnataka,23558,6412,116,152281
21-04-2021,Uttar Pradesh,33106,14198,187,225570
21-04-2021,Kerala,22417,5431,22,121763
21-04-2021,Nagaland,100,4,0,713
21-04-2021,Meghalaya,192,25,3,2924
21-04-2021,Delhi,24638,24600,249,78768
21-04-2021,Lakshadweep,191,16,0,1937
21-04-2021,Chhattisgarh,14519,17263,193,45765
21-04-2021,Rajasthan,14622,3765,62,80981
21-04-2021,Punjab,4953,2727,69,54108
21-04-2021,Jharkhand,5041,2331,62,43239
21-04-2021,Assam,1665,297,5,62107
21-04-2021,Himachal Pradesh,1692,908,17,9291
21-04-2021,Mizoram,90,7,0,6388
22-04-2021,Maharashtra,67049,62298,568,281506
22-04-2021,Madhya Pradesh,12384,9620,75,50974
22-04-2021,Gujarat,13105,5010,137,189365
22-04-2021,Chandigarh,634,482,4,2984
22-04-2021,Bihar,11489,5308,59,101063
22-04-2021,Andhra Pradesh,10759,3992,31,41871
22-04-2021,Tripura,168,74,0,5291
22-04-2021,Odisha,6164,2165,7,44983
22-04-2021,Arunachal Pradesh,110,9,0,2741
22-04-2021,Haryana,9742,6512,55,40687
22-04-2021,Manipur,86,25,1,1533
22-04-2021,Uttarakhand,4156,1744,19,36446
22-04-2021,Andaman and Nicobar Islands,37,33,1,1461
22-04-2021,Puducherry,987,464,4,4675
22-04-2021,Tamil Nadu,12652,7526,59,115653
22-04-2021,West Bengal,11948,6590,56,53154
22-04-2021,Jammu and Kashmir,1965,791,8,42736
22-04-2021,Telangana,5567,2251,23,102335
22-04-2021,Goa,1410,461,21,3906
22-04-2021,Karnataka,25795,5624,123,162534
22-04-2021,Uttar Pradesh,34254,16514,195,197033
22-04-2021,Kerala,26997,6370,28,135177
22-04-2021,Nagaland,67,2,0,266
22-04-2021,Meghalaya,180,68,0,1981
22-04-2021,Delhi,26169,19609,306,72208
22-04-2021,Lakshadweep,145,34,0,1907
22-04-2021,Chhattisgarh,16750,17739,207,55000
22-04-2021,Rajasthan,14468,3618,59,58635
22-04-2021,Punjab,5450,3657,75,47305
22-04-2021,Jharkhand,7595,2373,106,73837
22-04-2021,Assam,1931,398,10,73428
22-04-2021,Himachal Pradesh,1778,689,18,8037
22-04-2021,Mizoram,73,24,0,2259
23-04-2021,Maharashtra,66861,74045,773,277610
23-04-2021,Madhya Pradesh,13590,10833,74,57176
23-04-2021,Gujarat,13804,5618,142,189902
23-04-2021,Chandigarh,828,476,3,4062
23-04-2021,Bihar,12672,6067,54,108147
23-04-2021,Andhra Pradesh,11766,4441,38,45581
23-04-2021,Tripura,40,46,0,1422
23-04-2021,Odisha,6215,2452,8,41538
23-04-2021,Arunachal Pradesh,134,61,0,3029
23-04-2021,Haryana,11854,6334,60,49152
23-04-2021,Manipur,104,27,0,1799
23-04-2021,Uttarakhand,4471,1179,49,36069
23-04-2021,Andaman and Nicobar Islands,42,49,0,1692
23-04-2021,Puducherry,792,383,2,5081
23-04-2021,Tamil Nadu,13776,8078,78,125593
23-04-2021,Ladakh,152,159,0,81092
23-04-2021,West Bengal,12876,6878,59,52646
23-04-2021,Jammu and Kashmir,1937,1019,19,41123
23-04-2021,Telangana,6206,3052,29,105602
23-04-2021,Goa,1420,596,12,3007
23-04-2021,Karnataka,26962,8697,190,177466
23-04-2021,Uttar Pradesh,36605,22566,196,225456
23-04-2021,Kerala,28447,5663,27,130617
23-04-2021,Nagaland,105,1,0,456
23-04-2021,Meghalaya,143,38,0,2183
23-04-2021,Delhi,24331,23572,348,75037
23-04-2021,Lakshadweep,134,17,0,1195
23-04-2021,Chhattisgarh,17397,15254,219,57185
23-04-2021,Rajasthan,15398,5197,64,86039
23-04-2021,Punjab,6728,3294,75,56579
23-04-2021,Jharkhand,5741,3205,63,42523
23-04-2021,Assam,2384,348,12,72405
23-04-2021,Himachal Pradesh,1193,772,26,10385
23-04-2021,Mizoram,62,5,0,3200
24-04-2021,Maharashtra,67197,63818,676,286412
24-04-2021,Madhya Pradesh,12918,11091,104,55879
24-04-2021,Gujarat,14097,6479,152,185034
24-04-2021,Chandigarh,711,428,3,3671
24-04-2021,Bihar,12359,6741,77,101428
24-04-2021,Andhra Pradesh,11698,4421,37,50972
24-04-2021,Tripura,127,45,0,3436
24-04-2021,Odisha,6647,3464,8,41017
24-04-2021,Arunachal Pradesh,116,19,0,3062
24-04-2021,Haryana,10491,5104,60,49069
24-04-2021,Manipur,130,13,2,1232
24-04-2021,Uttarakhand,5240,1466,81,36309
24-04-2021,Andaman and Nicobar Islands,45,52,1,999
24-04-2021,Puducherry,899,453,9,6030
24-04-2021,Tamil Nadu,14842,9142,80,125718
24-04-2021,West Bengal,14281,7584,59,55060
24-04-2021,Jammu and Kashmir,2030,944,15,40791
24-04-2021,Telangana,7432,2157,33,103770
24-04-2021,Goa,1540,485,17,4533
24-04-2021,Karnataka,29438,9058,208,189613
24-04-2021,Uttar Pradesh,37944,23231,222,226084
24-04-2021,Kerala,26685,7067,25,131155
24-04-2021,Nagaland,128,0,1,744
24-04-2021,Meghalaya,155,148,1,2072
24-04-2021,Delhi,24103,22695,357,74702
24-04-2021,Lakshadweep,157,33,0,2104
24-04-2021,Chhattisgarh,16731,17029,218,57225
24-04-2021,Rajasthan,15355,4959,74,86089
24-04-2021,Punjab,5663,2949,92,54456
24-04-2021,Jharkhand,5152,2865,110,35909
24-04-2021,Assam,2236,619,14,69094
24-04-2021,Himachal Pradesh,2080,877,24,10534
24-04-2021,Mizoram,63,32,0,1992
25-04-2021,Maharashtra,66226,61450,832,289535
25-04-2021,Madhya Pradesh,13601,11324,92,59092
25-04-2021,Gujarat,14296,6727,157,168172
25-04-2021,Chandigarh,749,413,2,3800
25-04-2021,Bihar,12795,7533,68,100491
25-04-2021,Andhra Pradesh,12634,4304,69,62885
25-04-2021,Tripura,100,18,0,4174
25-04-2021,Odisha,6116,3464,7,43765
25-04-2021,Arunachal Pradesh,61,28,2,2365
25-04-2021,Haryana,10985,6057,64,46989
25-04-2021,Manipur,140,38,2,1788
25-04-2021,Uttarakhand,4410,1748,44,37580
25-04-2021,Andaman and Nicobar Islands,51,57,0,1462
25-04-2021,Puducherry,1008,476,11,5632
25-04-2021,Tamil Nadu,15659,11065,82,126298
25-04-2021,West Bengal,15889,8407,57,55600
25-04-2021,Jammu and Kashmir,2381,866,21,44322
25-04-2021,Telangana,8126,3307,38,108602
25-04-2021,Goa,2293,658,24,5946
25-04-2021,Karnataka,34804,6982,143,176614
25-04-2021,Uttar Pradesh,35311,25633,206,239584
25-04-2021,Kerala,28469,8122,30,126773
25-04-2021,Nagaland,218,15,3,646
25-04-2021,Meghalaya,208,62,2,1435
25-04-2021,Delhi,22933,21071,350,75912
25-04-2021,Lakshadweep,165,29,0,1675
25-04-2021,Chhattisgarh,12666,11595,199,41150
25-04-2021,Rajasthan,15809,6649,74,79960
25-04-2021,Punjab,6980,5315,76,58286
25-04-2021,Jharkhand,5903,3287,103,30299
25-04-2021,Assam,1844,558,14,33674
25-04-2021,Himachal Pradesh,1367,1161,32,7164
25-04-2021,Mizoram,105,34,1,2300
26-04-2021,Maharashtra,48724,71736,524,222475
26-04-2021,Madhya Pradesh,12686,11612,88,54982
26-04-2021,Gujarat,14340,7727,158,159156
26-04-2021,Chandigarh,821,477,5,3902
26-04-2021,Bihar,11801,9228,67,80461
26-04-2021,Andhra Pradesh,9881,4431,51,74041
26-04-2021,Tripura,98,62,0,3342
26-04-2021,Odisha,6599,4180,9,39642
26-04-2021,Arunachal Pradesh,168,25,0,3576
26-04-2021,Haryana,11504,6211,75,35523
26-04-2021,Manipur,146,36,5,1088
26-04-2021,Uttarakhand,5281,1601,67,63120
26-04-2021,Andaman and Nicobar Islands,51,53,0,1679
26-04-2021,Puducherry,747,515,10,3451
26-04-2021,Tamil Nadu,15684,13625,94,120184
26-04-2021,West Bengal,15992,9775,68,48562
26-04-2021,Jammu and Kashmir,2135,1067,25,34530
26-04-2021,Telangana,6551,3840,43,73275
26-04-2021,Goa,2321,712,38,6772
26-04-2021,Karnataka,29744,10663,201,166407
26-04-2021,Uttar Pradesh,33551,26719,249,176720
26-04-2021,Kerala,21890,7943,28,96378
26-04-2021,Nagaland,59,3,0,308
26-04-2021,Meghalaya,130,114,1,2408
26-04-2021,Delhi,20201,22055,380,57690
26-04-2021,Lakshadweep,122,119,0,1033
26-04-2021,Chhattisgarh,15084,17341,226,54250
26-04-2021,Rajasthan,16438,6416,84,44295
26-04-2021,Punjab,6276,4438,98,35358
26-04-2021,Jharkhand,5541,4018,124,35895
26-04-2021,Assam,3137,828,15,73181
26-04-2021,Himachal Pradesh,1687,921,27,9398
26-04-2021,Mizoram,22,60,0,422
27-04-2021,Maharashtra,66405,67752,895,282719
27-04-2021,Madhya Pradesh,13417,11577,98,59177
27-04-2021,Gujarat,14352,7803,170,163192
27-04-2021,Sikkim,97,40,2,7890
27-04-2021,Chandigarh,837,426,6,4202
27-04-2021,Bihar,12604,7904,85,100328
27-04-2021,Andhra Pradesh,11434,7055,64,74435
27-04-2021,Tripura,111,44,0,4370
27-04-2021,Odisha,6073,4089,10,36845
27-04-2021,Arunachal Pradesh,123,28,0,3093
27-04-2021,Haryana,11931,7184,84,47198
27-04-2021,Manipur,175,50,3,1845
27-04-2021,Uttarakhand,5838,1471,96,37874
27-04-2021,Andaman and Nicobar Islands,48,42,0,1948
27-04-2021,Puducherry,1021,690,13,6502
27-04-2021,Tamil Nadu,15830,14043,77,121549
27-04-2021,West Bengal,16403,10664,73,55287
27-04-2021,Jammu and Kashmir,3164,1457,25,44278
27-04-2021,Telangana,10122,6446,52,99638
27-04-2021,Goa,2110,748,31,5548
27-04-2021,Karnataka,31830,10793,180,170116
27-04-2021,Uttar Pradesh,32921,30398,264,184061
27-04-2021,Kerala,32824,18413,32,141199
27-04-2021,Nagaland,207,16,0,645
27-04-2021,Meghalaya,147,90,4,2144
27-04-2021,Delhi,24149,17862,381,73811
27-04-2021,Lakshadweep,154,131,0,1906
27-04-2021,Chhattisgarh,14893,16931,246,54156
27-04-2021,Rajasthan,16089,7426,121,89693
27-04-2021,Punjab,5916,3774,100,57546
27-04-2021,Jharkhand,6126,4247,131,33106
27-04-2021,Assam,3132,955,18,62628
27-04-2021,Himachal Pradesh,2160,1305,24,11081
27-04-2021,Mizoram,103,12,0,3489
28-04-2021,Maharashtra,63355,61181,1035,273125
28-04-2021,Madhya Pradesh,12758,14156,105,58695
28-04-2021,Gujarat,14120,8595,174,173909
28-04-2021,Sikkim,157,21,1,515
28-04-2021,Chandigarh,772,435,11,3561
28-04-2021,Bihar,13374,8818,84,103895
28-04-2021,Andhra Pradesh,14669,6433,71,74748
28-04-2021,Tripura,124,35,2,4598
28-04-2021,Odisha,8386,4521,10,42401
28-04-2021,Arunachal Pradesh,164,17,0,3692
28-04-2021,Haryana,12444,7618,95,48740
28-04-2021,Manipur,259,59,2,2357
28-04-2021,Uttarakhand,6164,3485,108,42438
28-04-2021,Andaman and Nicobar Islands,52,44,1,1006
28-04-2021,Puducherry,1258,632,10,6833
28-04-2021,Tamil Nadu,16665,15114,98,130042
28-04-2021,Ladakh,116,137,0,6766
28-04-2021,West Bengal,17207,11933,77,54936
28-04-2021,Jammu and Kashmir,3023,963,30,47422
28-04-2021,Telangana,8061,5093,56,82270
28-04-2021,Goa,3101,839,24,8018
28-04-2021,Karnataka,39047,11833,229,171997
28-04-2021,Uttar Pradesh,29751,35903,265,186787
28-04-2021,Kerala,35015,15505,41,138190
28-04-2021,Nagaland,180,32,2,676
28-04-2021,Meghalaya,159,138,2,2498
28-04-2021,Delhi,25986,24130,368,81829
28-04-2021,Lakshadweep,103,138,0,1062
28-04-2021,Chhattisgarh,15563,15506,279,59402
28-04-2021,Rajasthan,16613,8303,120,85621
28-04-2021,Punjab,6904,5272,142,53365
28-04-2021,Jharkhand,8075,4362,149,70757
28-04-2021,Assam,3045,1098,22,55480
28-04-2021,Himachal Pradesh,2546,1552,33,14481
28-04-2021,Mizoram,228,49,0,3305
29-04-2021,Maharashtra,66190,68537,771,288213
29-04-2021,Madhya Pradesh,12762,13363,95,59449
29-04-2021,Gujarat,14327,9544,180,169352
29-04-2021,Sikkim,174,22,3,734
29-04-2021,Chandigarh,801,447,8,3821
29-04-2021,Bihar,13089,10926,89,97972
29-04-2021,Andhra Pradesh,14792,8188,57,86035
29-04-2021,Tripura,166,13,0,5075
29-04-2021,Odisha,6998,4679,12,44064
29-04-2021,Arunachal Pradesh,194,47,1,3524
29-04-2021,Haryana,13947,9535,97,48705
29-04-2021,Manipur,314,314,5,2579
29-04-2021,Uttarakhand,6353,3129,85,34597
29-04-2021,Andaman and Nicobar Islands,59,37,0,1256
29-04-2021,Puducherry,1122,565,12,9727
29-04-2021,Tamil Nadu,17897,15542,107,140589
29-04-2021,Ladakh,108,192,1,1181
29-04-2021,West Bengal,17403,12885,89,53724
29-04-2021,Jammu and Kashmir,3474,1617,26,50013
29-04-2021,Telangana,7994,4009,58,80181
29-04-2021,Goa,3019,914,36,5910
29-04-2021,Karnataka,35024,14142,270,175816
29-04-2021,Uttar Pradesh,35104,25613,295,225734
29-04-2021,Kerala,38610,21116,48,157548
29-04-2021,Nagaland,213,29,0,643
29-04-2021,Meghalaya,187,129,2,2553
29-04-2021,Delhi,24235,25615,395,73851
29-04-2021,Lakshadweep,159,45,3,2216
29-04-2021,Chhattisgarh,15804,16489,251,61006
29-04-2021,Rajasthan,17269,10964,158,85373
29-04-2021,Punjab,6724,5059,137,55988
29-04-2021,Jharkhand,5961,4755,145,36291
29-04-2021,Assam,3079,1797,26,67278
29-04-2021,Himachal Pradesh,3062,1241,40,15260
29-04-2021,Mizoram,138,90,0,3712
30-04-2021,Maharashtra,62961,69710,828,290207
30-04-2021,Madhya Pradesh,12400,13584,97,58708
30-04-2021,Gujarat,14605,10180,173,160999
30-04-2021,Sikkim,205,19,1,818
30-04-2021,Chandigarh,724,457,13,3204
30-04-2021,Bihar,15853,11194,80,98169
30-04-2021,Andhra Pradesh,17354,8468,64,86494
30-04-2021,Tripura,141,50,0,4422
30-04-2021,Odisha,8681,5014,14,45452
30-04-2021,Arunachal Pradesh,163,49,0,3363
30-04-2021,Haryana,13833,9348,98,50031
30-04-2021,Manipur,271,74,5,1955
30-04-2021,Uttarakhand,5797,4215,122,30029
30-04-2021,Andaman and Nicobar Islands,74,58,0,1951
30-04-2021,Puducherry,1195,653,12,6451
30-04-2021,Tamil Nadu,18692,16007,113,143571
30-04-2021,Ladakh,103,247,3,1204
30-04-2021,West Bengal,17411,13932,96,53248
30-04-2021,Jammu and Kashmir,3532,1287,30,46050
30-04-2021,Telangana,7646,5926,53,77091
30-04-2021,Goa,3024,955,22,6757
30-04-2021,Karnataka,48297,14884,217,189793
30-04-2021,Uttar Pradesh,34372,32494,332,244167
30-04-2021,Kerala,37202,17500,49,149487
30-04-2021,Nagaland,247,12,4,747
30-04-2021,Meghalaya,229,166,2,2547
30-04-2021,Delhi,27047,25288,375,82745
30-04-2021,Lakshadweep,106,56,0,1233
30-04-2021,Chhattisgarh,14994,13677,269,59436
30-04-2021,Rajasthan,17155,10034,155,82191
30-04-2021,Punjab,6063,5106,113,57642
30-04-2021,Jharkhand,5961,4002,120,36836
30-04-2021,Assam,3197,2449,26,72239
30-04-2021,Himachal Pradesh,2355,1734,37,11951
30-04-2021,Mizoram,140,44,2,3000
01-05-2021,Maharashtra,63318,61326,802,289006
01-05-2021,Madhya Pradesh,12379,14562,102,60835
01-05-2021,Gujarat,13847,10582,172,150771
01-05-2021,Sikkim,261,41,1,797
01-05-2021,Chandigarh,799,472,11,3872
01-05-2021,Bihar,13789,10905,82,95686
01-05-2021,Andhra Pradesh,19412,11579,61,98214
01-05-2021,Tripura,173,67,2,4360
01-05-2021,Odisha,10413,5634,11,47462
01-05-2021,Arunachal Pradesh,217,56,0,3463
01-05-2021,Haryana,13588,8509,125,50823
01-05-2021,Manipur,319,79,5,2222
01-05-2021,Uttarakhand,5600,3644,107,32568
01-05-2021,Andaman and Nicobar Islands,97,72,1,1318
01-05-2021,Puducherry,1379,623,12,6531
01-05-2021,Tamil Nadu,19588,17164,147,151452
01-05-2021,Ladakh,117,166,1,1208
01-05-2021,West Bengal,17512,14374,103,56297
01-05-2021,Jammu and Kashmir,3832,1801,47,44405
01-05-2021,Telangana,7754,6542,51,77930
01-05-2021,Goa,2303,1310,54,5897
01-05-2021,Karnataka,40990,18341,271,177982
01-05-2021,Uttar Pradesh,30180,38826,304,266619
01-05-2021,Kerala,35636,15493,48,146474
01-05-2021,Nagaland,177,44,3,640
01-05-2021,Meghalaya,262,192,3,3293
01-05-2021,Delhi,25219,27421,412,79780
01-05-2021,Lakshadweep,157,41,0,3035
01-05-2021,Chhattisgarh,15902,13532,229,60863
01-05-2021,Rajasthan,17652,11676,160,84180
01-05-2021,Punjab,7017,4448,138,60547
01-05-2021,Jharkhand,6323,5433,169,31295
01-05-2021,Assam,3453,2229,23,54002
01-05-2021,Himachal Pradesh,2747,1224,28,11782
01-05-2021,Mizoram,113,0,0,2792
02-05-2021,Maharashtra,56674,51356,669,257470
02-05-2021,Madhya Pradesh,12662,13890,94,60487
02-05-2021,Gujarat,12978,11146,153,137714
02-05-2021,Sikkim,230,68,1,799
02-05-2021,Chandigarh,860,483,7,4010
02-05-2021,Bihar,13534,11694,97,89393
02-05-2021,Andhra Pradesh,23920,11411,83,114299
02-05-2021,Tripura,247,41,0,5318
02-05-2021,Odisha,8015,6527,14,46560
02-05-2021,Arunachal Pradesh,102,83,0,2435
02-05-2021,Haryana,13322,10423,145,50230
02-05-2021,Manipur,256,80,5,2260
02-05-2021,Uttarakhand,5721,2935,71,26263
02-05-2021,Andaman and Nicobar Islands,38,25,1,793
02-05-2021,Puducherry,1360,987,16,5173
02-05-2021,Tamil Nadu,20768,17576,153,143083
02-05-2021,Ladakh,140,193,1,1189
02-05-2021,West Bengal,17515,15587,92,56209
02-05-2021,Jammu and Kashmir,3571,1453,40,35721
02-05-2021,Telangana,7430,5567,56,76330
02-05-2021,Goa,2030,1255,52,4794
02-05-2021,Karnataka,37733,21148,217,158365
02-05-2021,Uttar Pradesh,30857,36650,288,297385
02-05-2021,Kerala,31960,16296,49,112635
02-05-2021,Nagaland,227,27,2,541
02-05-2021,Meghalaya,321,154,5,2782
02-05-2021,Delhi,20394,24444,407,71997
02-05-2021,Lakshadweep,90,275,0,1949
02-05-2021,Chhattisgarh,11825,12358,199,42032
02-05-2021,Rajasthan,18298,11262,159,84735
02-05-2021,Punjab,7280,5244,157,58790
02-05-2021,Jharkhand,4738,4541,115,25421
02-05-2021,Assam,2385,2831,30,23818
02-05-2021,Himachal Pradesh,2449,1614,44,9684
02-05-2021,Mizoram,152,120,1,2113
03-05-2021,Maharashtra,48658,59500,567,211668
03-05-2021,Madhya Pradesh,12062,13408,93,57448
03-05-2021,Gujarat,12820,11999,140,131882
03-05-2021,Sikkim,38,100,1,111
03-05-2021,Chandigarh,890,528,11,3911
03-05-2021,Bihar,11407,13603,82,72658
03-05-2021,Andhra Pradesh,18972,10227,71,115275
03-05-2021,Tripura,134,62,1,2707
03-05-2021,Odisha,8914,6488,5,46643
03-05-2021,Arunachal Pradesh,220,90,0,3747
03-05-2021,Haryana,12885,13293,140,48566
03-05-2021,Manipur,362,107,7,2156
03-05-2021,Uttarakhand,5510,3344,128,33215
03-05-2021,Andaman and Nicobar Islands,66,52,1,778
03-05-2021,Puducherry,799,790,15,3333
03-05-2021,Tamil Nadu,20952,18016,122,141021
03-05-2021,Ladakh,89,149,3,816
03-05-2021,West Bengal,17501,15937,98,55287
03-05-2021,Jammu and Kashmir,3733,1536,51,31655
03-05-2021,Telangana,5695,6206,49,58742
03-05-2021,Goa,2703,1425,46,6013
03-05-2021,Karnataka,44438,20901,239,149090
03-05-2021,Uttar Pradesh,29052,38687,285,229613
03-05-2021,Kerala,26012,19519,45,96296
03-05-2021,Nagaland,111,30,6,438
03-05-2021,Meghalaya,246,177,6,2041
03-05-2021,Delhi,18043,20293,448,61045
03-05-2021,Lakshadweep,70,109,2,490
03-05-2021,Chhattisgarh,15274,14398,266,58493
03-05-2021,Rajasthan,17296,11949,154,48801
03-05-2021,Punjab,6772,6016,155,36792
03-05-2021,Jharkhand,6899,5614,129,51527
03-05-2021,Assam,4489,2534,29,55939
03-05-2021,Himachal Pradesh,2625,1531,43,8511
03-05-2021,Mizoram,74,66,1,1231
04-05-2021,Maharashtra,51895,65934,891,240956
04-05-2021,Madhya Pradesh,12236,11249,98,66054
04-05-2021,Gujarat,13050,12121,131,140775
04-05-2021,Sikkim,230,22,1,799
04-05-2021,Chandigarh,780,542,11,3193
04-05-2021,Bihar,14794,11926,105,94891
04-05-2021,Andhra Pradesh,20034,12207,82,115784
04-05-2021,Tripura,271,87,1,5385
04-05-2021,Odisha,8216,6164,15,43682
04-05-2021,Arunachal Pradesh,234,138,0,3827
04-05-2021,Haryana,15786,11525,153,58408
04-05-2021,Manipur,433,111,2,2473
04-05-2021,Uttarakhand,7084,5696,85,38046
04-05-2021,Andaman and Nicobar Islands,31,29,0,643
04-05-2021,Puducherry,1138,886,17,6820
04-05-2021,Tamil Nadu,21228,19112,144,140512
04-05-2021,Ladakh,245,151,3,2163
04-05-2021,West Bengal,17639,16547,107,57748
04-05-2021,Jammu and Kashmir,4650,1878,37,37867
04-05-2021,Telangana,6876,7432,59,70961
04-05-2021,Goa,2814,1870,52,6552
04-05-2021,Karnataka,44631,24714,288,153707
04-05-2021,Uttar Pradesh,25770,38683,351,208564
04-05-2021,Kerala,37190,26148,57,142588
04-05-2021,Meghalaya,339,204,0,2302
04-05-2021,Delhi,19953,18788,338,74654
04-05-2021,Lakshadweep,169,210,0,1768
04-05-2021,Chhattisgarh,15785,12093,210,57034
04-05-2021,Rajasthan,16974,14146,154,99418
04-05-2021,Punjab,7514,6115,173,65777
04-05-2021,Jharkhand,5974,5810,132,36209
04-05-2021,Assam,4475,2851,41,55003
04-05-2021,Himachal Pradesh,3824,1992,48,15954
04-05-2021,Mizoram,198,56,0,3517
05-05-2021,Maharashtra,57668,57006,920,279200
05-05-2021,Madhya Pradesh,12319,9643,71,66283
05-05-2021,Gujarat,12955,12995,133,145185
05-05-2021,Sikkim,229,89,4,801
05-05-2021,Chandigarh,817,610,14,3712
05-05-2021,Bihar,14836,11726,61,95248
05-05-2021,Andhra Pradesh,22204,11128,85,116367
05-05-2021,Tripura,240,59,0,4486
05-05-2021,Odisha,9889,6176,16,48101
05-05-2021,Arunachal Pradesh,220,76,0,3477
05-05-2021,Haryana,15416,10640,181,51453
05-05-2021,Manipur,397,121,10,1943
05-05-2021,Uttarakhand,7783,4757,127,5862
05-05-2021,Andaman and Nicobar Islands,42,49,1,667
05-05-2021,Puducherry,1819,933,18,6893
05-05-2021,Tamil Nadu,23310,20062,167,155382
05-05-2021,Ladakh,251,131,0,2674
05-05-2021,West Bengal,18102,17073,103,59519
05-05-2021,Jammu and Kashmir,4716,2338,52,42368
05-05-2021,Telangana,6361,8126,51,77435
05-05-2021,Goa,3496,2192,71,6769
05-05-2021,Karnataka,50112,26841,346,155224
05-05-2021,Uttar Pradesh,31111,40852,353,232038
05-05-2021,Kerala,41953,23106,58,163321
05-05-2021,Nagaland,318,33,3,1586
05-05-2021,Meghalaya,269,147,6,2692
05-05-2021,Delhi,20960,19209,311,79491
05-05-2021,Lakshadweep,129,160,1,1307
05-05-2021,Chhattisgarh,15157,10152,253,59857
05-05-2021,Rajasthan,16815,17022,155,92687
05-05-2021,Punjab,7953,6701,180,67336
05-05-2021,Jharkhand,5770,5804,141,35486
05-05-2021,Assam,4826,2916,55,52074
05-05-2021,Himachal Pradesh,3842,1480,32,15741
05-05-2021,Mizoram,238,137,0,3218
06-05-2021,Maharashtra,62214,63842,853,277086
06-05-2021,Madhya Pradesh,12421,12965,86,68102
06-05-2021,Gujarat,12545,13021,123,138593
06-05-2021,Sikkim,269,50,3,898
06-05-2021,Chandigarh,759,693,9,2914
06-05-2021,Bihar,15126,13364,90,105024
06-05-2021,Andhra Pradesh,21954,10141,72,110147
06-05-2021,Tripura,300,75,3,5352
06-05-2021,Odisha,10521,6854,17,48314
06-05-2021,Arunachal Pradesh,222,140,0,3459
06-05-2021,Haryana,14840,12246,177,52132
06-05-2021,Manipur,380,33,13,2358
06-05-2021,Uttarakhand,8950,4548,151,35735
06-05-2021,Andaman and Nicobar Islands,32,30,1,382
06-05-2021,Puducherry,1510,779,18,7150
06-05-2021,Tamil Nadu,24898,21546,195,152130
06-05-2021,Ladakh,98,160,0,1883
06-05-2021,West Bengal,18431,17412,117,60105
06-05-2021,Jammu and Kashmir,4926,2836,52,47401
06-05-2021,Telangana,6026,6551,52,79824
06-05-2021,Goa,3869,2023,58,7518
06-05-2021,Karnataka,49058,18943,328,164441
06-05-2021,Uttar Pradesh,26622,28902,350,226112
06-05-2021,Kerala,42464,27152,63,155632
06-05-2021,Nagaland,286,38,3,908
06-05-2021,Meghalaya,347,129,2,2996
06-05-2021,Delhi,19133,20028,335,78780
06-05-2021,Lakshadweep,152,134,1,1959
06-05-2021,Chhattisgarh,13846,11600,212,61344
06-05-2021,Rajasthan,17532,16044,161,90099
06-05-2021,Punjab,8841,5126,154,63576
06-05-2021,Jharkhand,6974,5740,133,91764
06-05-2021,Assam,4936,2976,46,61377
06-05-2021,Himachal Pradesh,3942,2046,45,19132
06-05-2021,Mizoram,170,46,0,3248
07-05-2021,Maharashtra,54047,37386,898,268912
07-05-2021,Madhya Pradesh,11708,4815,84,65262
07-05-2021,Gujarat,12064,13085,119,139048
07-05-2021,Sikkim,269,123,2,807
07-05-2021,Chandigarh,890,797,8,3898
07-05-2021,Bihar,13466,13489,62,107153
07-05-2021,Andhra Pradesh,17188,12749,73,100424
07-05-2021,Tripura,315,149,1,5183
07-05-2021,Odisha,12238,8401,19,50799
07-05-2021,Arunachal Pradesh,168,132,1,3152
07-05-2021,Haryana,13867,13584,162,52514
07-05-2021,Manipur,600,83,2,3421
07-05-2021,Uttarakhand,9724,4643,137,36850
07-05-2021,Andaman and Nicobar Islands,56,72,0,490
07-05-2021,Puducherry,1746,1079,19,8220
07-05-2021,Tamil Nadu,26465,22381,197,152812
07-05-2021,Ladakh,114,145,1,2654
07-05-2021,West Bengal,19216,17780,112,64551
07-05-2021,Jammu and Kashmir,5443,2752,50,49718
07-05-2021,Telangana,11451,17183,87,141422
07-05-2021,Goa,4195,2175,56,8170
07-05-2021,Karnataka,48781,28623,592,158902
07-05-2021,Uttar Pradesh,27763,33117,372,241403
07-05-2021,Kerala,38464,26662,54,144345
07-05-2021,Nagaland,317,112,1,668
07-05-2021,Meghalaya,297,176,6,3102
07-05-2021,Delhi,19832,19085,341,79593
07-05-2021,Lakshadweep,102,118,1,1429
07-05-2021,Chhattisgarh,13628,13624,208,61939
07-05-2021,Rajasthan,18231,16930,164,77786
07-05-2021,Punjab,8297,4976,165,68418
07-05-2021,Jharkhand,5973,5293,136,47909
07-05-2021,Assam,5626,3262,47,68318
07-05-2021,Himachal Pradesh,4162,2376,56,15459
07-05-2021,Mizoram,183,108,0,3230
08-05-2021,Maharashtra,56601,82266,864,260751
08-05-2021,Madhya Pradesh,11598,4445,90,66525
08-05-2021,Gujarat,11892,14737,119,134944
08-05-2021,Sikkim,200,65,5,682
08-05-2021,Chandigarh,870,861,9,3803
08-05-2021,Bihar,12948,14962,76,108010
08-05-2021,Andhra Pradesh,20065,19272,96,101571
08-05-2021,Tripura,359,117,1,5952
08-05-2021,Odisha,11807,7664,21,50864
08-05-2021,Arunachal Pradesh,244,135,0,3165
08-05-2021,Haryana,14667,14366,155,55555
08-05-2021,Manipur,442,85,12,2824
08-05-2021,Uttarakhand,8408,4771,118,39310
08-05-2021,Andaman and Nicobar Islands,30,26,2,569
08-05-2021,Puducherry,1703,1177,19,9132
08-05-2021,Tamil Nadu,27397,23110,241,155998
08-05-2021,Ladakh,156,143,1,2330
08-05-2021,West Bengal,19436,18243,127,63377
08-05-2021,Jammu and Kashmir,4788,2500,60,46792
08-05-2021,Telangana,5186,7994,38,69148
08-05-2021,Goa,3751,3025,55,8115
08-05-2021,Karnataka,47563,34881,482,157027
08-05-2021,Uttar Pradesh,26636,34721,297,224529
08-05-2021,Kerala,41971,27456,64,148546
08-05-2021,Nagaland,354,19,15,12174
08-05-2021,Meghalaya,375,152,11,2955
08-05-2021,Delhi,17364,20160,332,74384
08-05-2021,Lakshadweep,127,215,0,1359
08-05-2021,Chhattisgarh,12239,12198,223,61914
08-05-2021,Rajasthan,17987,17667,160,79431
08-05-2021,Punjab,9042,6647,171,64918
08-05-2021,Jharkhand,6112,5953,141,45658
08-05-2021,Assam,5756,3053,50,65140
08-05-2021,Himachal Pradesh,5418,3013,37,18725
08-05-2021,Mizoram,235,124,0,2963
09-05-2021,Maharashtra,48434,60226,572,247466
09-05-2021,Madhya Pradesh,11051,4538,86,65282
09-05-2021,Gujarat,11084,14770,121,127431
09-05-2021,Sikkim,227,116,2,808
09-05-2021,Chandigarh,895,879,10,3941
09-05-2021,Bihar,11259,13364,67,109190
09-05-2021,Andhra Pradesh,22164,18832,92,105494
09-05-2021,Tripura,351,132,1,6360
09-05-2021,Odisha,10635,8541,19,48757
09-05-2021,Arunachal Pradesh,119,188,0,2231
09-05-2021,Haryana,13548,12639,151,55444
09-05-2021,Manipur,579,135,15,3164
09-05-2021,Uttarakhand,5929,2731,180,26713
09-05-2021,Andaman and Nicobar Islands,26,32,2,397
09-05-2021,Puducherry,1633,1158,26,9022
09-05-2021,Tamil Nadu,28897,23515,236,153790
09-05-2021,Ladakh,138,105,2,924
09-05-2021,West Bengal,19441,18454,124,63095
09-05-2021,Jammu and Kashmir,5190,2423,54,48553
09-05-2021,Telangana,4976,7646,35,55358
09-05-2021,Goa,2633,3078,67,5671
09-05-2021,Karnataka,47930,31796,490,146491
09-05-2021,Uttar Pradesh,23175,34636,294,229595
09-05-2021,Kerala,35803,29318,68,123980
09-05-2021,Nagaland,245,128,3,1136
09-05-2021,Meghalaya,418,179,18,2325
09-05-2021,Delhi,13336,14738,273,61552
09-05-2021,Lakshadweep,125,148,0,934
09-05-2021,Chhattisgarh,9120,13243,189,48732
09-05-2021,Rajasthan,17921,16880,159,75488
09-05-2021,Punjab,8436,5850,191,59766
09-05-2021,Jharkhand,4169,6461,97,37644
09-05-2021,Assam,3299,4045,48,36135
09-05-2021,Himachal Pradesh,3096,2459,55,9367
10-05-2021,Maharashtra,37281,61607,549,192330
10-05-2021,Madhya Pradesh,9715,7324,81,61530
10-05-2021,Gujarat,11592,14931,117,135787
10-05-2021,Sikkim,48,139,2,135
10-05-2021,Chandigarh,863,714,7,3756
10-05-2021,Bihar,10174,15800,75,100112
10-05-2021,Andhra Pradesh,14986,16167,84,60124
10-05-2021,Tripura,133,130,4,3460
10-05-2021,Odisha,10031,9706,17,48377
10-05-2021,Arunachal Pradesh,205,179,4,2872
10-05-2021,Haryana,12718,16192,161,49703
10-05-2021,Manipur,424,87,13,2513
10-05-2021,Uttarakhand,5661,4887,168,26562
10-05-2021,Andaman and Nicobar Islands,31,37,2,360
10-05-2021,Puducherry,1266,1108,23,5826
10-05-2021,Tamil Nadu,28978,20904,232,146233
10-05-2021,Ladakh,112,106,2,2285
10-05-2021,West Bengal,19445,18675,134,62186
10-05-2021,Jammu and Kashmir,3614,2855,56,36822
10-05-2021,Telangana,4826,7754,32,65923
10-05-2021,Goa,2804,2367,50,6107
10-05-2021,Karnataka,39305,32188,596,124110
10-05-2021,Uttar Pradesh,21277,29709,278,215633
10-05-2021,Kerala,27488,31209,65,99748
10-05-2021,Nagaland,134,47,10,522
10-05-2021,Meghalaya,409,241,5,1785
10-05-2021,Delhi,12651,13306,319,66234
10-05-2021,Lakshadweep,101,124,1,471
10-05-2021,Chhattisgarh,11867,13138,172,64809
10-05-2021,Rajasthan,16487,13499,160,41169
10-05-2021,Punjab,8549,6894,198,37806
10-05-2021,Jharkhand,6187,6962,129,100756
10-05-2021,Assam,5803,4231,77,72197
10-05-2021,Himachal Pradesh,4362,2355,53,11223
10-05-2021,Mizoram,73,165,3,3571
11-05-2021,Maharashtra,40975,71966,793,217664
11-05-2021,Madhya Pradesh,9754,9517,94,66016
11-05-2021,Gujarat,10990,15198,118,143515
11-05-2021,Sikkim,241,34,8,707
11-05-2021,Chandigarh,787,805,10,2829
11-05-2021,Bihar,10920,13852,72,110071
11-05-2021,Andhra Pradesh,20345,14502,108,86878
11-05-2021,Tripura,466,150,3,6288
11-05-2021,Odisha,9793,7564,18,46241
11-05-2021,Arunachal Pradesh,205,232,4,2993
11-05-2021,Haryana,11637,15728,144,64874
11-05-2021,Manipur,592,195,20,3442
11-05-2021,Uttarakhand,7169,4933,118,27928
11-05-2021,Andaman and Nicobar Islands,28,24,0,223
11-05-2021,Puducherry,2049,1359,30,9058
11-05-2021,Tamil Nadu,29272,19182,298,156111
11-05-2021,Ladakh,135,130,0,1992
11-05-2021,West Bengal,20136,18994,132,68142
11-05-2021,Jammu and Kashmir,4352,3537,65,41353
11-05-2021,Telangana,4801,7430,32,75289
11-05-2021,Goa,3124,2475,75,8505
11-05-2021,Karnataka,39510,22584,480,116238
11-05-2021,Uttar Pradesh,20445,29358,301,234651
11-05-2021,Kerala,37292,32978,79,139287
11-05-2021,Nagaland,290,45,6,1345
11-05-2021,Meghalaya,450,206,9,2834
11-05-2021,Delhi,12481,13583,347,70276
11-05-2021,Lakshadweep,105,104,0,712
11-05-2021,Chhattisgarh,9717,12786,199,63811
11-05-2021,Rajasthan,16080,13198,169,83851
11-05-2021,Punjab,8594,7324,214,62910
11-05-2021,Jharkhand,4365,7631,103,52712
11-05-2021,Assam,6258,4409,85,68572
11-05-2021,Himachal Pradesh,4976,3099,64,17286
11-05-2021,Mizoram,172,82,0,3559
12-05-2021,Maharashtra,46808,58805,816,252167
12-05-2021,Madhya Pradesh,8970,10324,84,64677
12-05-2021,Gujarat,11017,15264,102,143658
12-05-2021,Sikkim,228,93,6,730
12-05-2021,Chandigarh,776,859,14,3442
12-05-2021,Bihar,9863,12265,74,111740
12-05-2021,Andhra Pradesh,21452,19095,89,90750
12-05-2021,Tripura,416,137,9,5388
12-05-2021,Odisha,10982,8547,17,49191
12-05-2021,Arunachal Pradesh,279,108,1,3334
12-05-2021,Haryana,12490,14264,165,68122
12-05-2021,Manipur,666,358,17,3520
12-05-2021,Uttarakhand,7802,7005,109,34893
12-05-2021,Andaman and Nicobar Islands,44,26,3,544
12-05-2021,Puducherry,2007,1247,27,9176
12-05-2021,Tamil Nadu,30355,19508,293,156356
12-05-2021,Ladakh,243,147,1,3692
12-05-2021,West Bengal,20377,19231,135,69874
12-05-2021,Jammu and Kashmir,4509,3603,65,43916
12-05-2021,Telangana,4723,5695,31,69525
12-05-2021,Goa,2865,2840,70,6920
12-05-2021,Karnataka,39998,34752,516,134792
12-05-2021,Uttar Pradesh,18023,27139,326,247303
12-05-2021,Kerala,43531,34600,95,146320
12-05-2021,Nagaland,353,98,9,1738
12-05-2021,Meghalaya,406,314,8,4681
12-05-2021,Delhi,13287,14071,300,78035
12-05-2021,Lakshadweep,115,87,1,896
12-05-2021,Chhattisgarh,10150,9035,153,71138
12-05-2021,Rajasthan,16384,12840,164,77032
12-05-2021,Punjab,8271,4971,193,64869
12-05-2021,Jharkhand,4362,8331,97,48105
12-05-2021,Assam,5657,3880,71,63956
12-05-2021,Himachal Pradesh,4979,2187,66,16859
12-05-2021,Mizoram,240,118,1,3740
13-05-2021,Maharashtra,42614,54535,850,250398
13-05-2021,Madhya Pradesh,8419,10157,74,66206
13-05-2021,Gujarat,10742,15269,109,139869
13-05-2021,Sikkim,231,142,9,681
13-05-2021,Chandigarh,760,837,10,3557
13-05-2021,Bihar,7752,11008,90,97664
13-05-2021,Andhra Pradesh,22399,18638,89,96446
13-05-2021,Tripura,480,127,2,6234
13-05-2021,Odisha,10649,8665,19,51451
13-05-2021,Arunachal Pradesh,256,180,3,3080
13-05-2021,Haryana,12286,16041,163,65141
13-05-2021,Manipur,560,253,10,3767
13-05-2021,Uttarakhand,7162,5748,122,28708
13-05-2021,Andaman and Nicobar Islands,40,38,2,402
13-05-2021,Puducherry,1942,912,24,9292
13-05-2021,Tamil Nadu,30621,19287,297,158129
13-05-2021,Ladakh,109,106,3,1955
13-05-2021,West Bengal,20839,19181,129,70473
13-05-2021,Jammu and Kashmir,4356,2995,55,44329
13-05-2021,Telangana,4693,6876,33,71221
13-05-2021,Goa,2491,2266,63,7084
13-05-2021,Karnataka,35297,34057,344,127668
13-05-2021,Uttar Pradesh,17745,19425,277,255036
13-05-2021,Kerala,39956,33733,97,139656
13-05-2021,Nagaland,375,91,12,1486
13-05-2021,Meghalaya,591,228,18,3369
13-05-2021,Delhi,10489,15189,308,73675
13-05-2021,Lakshadweep,195,117,2,2196
13-05-2021,Chhattisgarh,9121,12274,195,67738
13-05-2021,Rajasthan,15867,12929,159,72470
13-05-2021,Punjab,8410,8237,186,68809
13-05-2021,Jharkhand,4991,6882,108,59078
13-05-2021,Assam,5468,4219,75,59594
13-05-2021,Himachal Pradesh,4940,3817,63,17404
14-05-2021,Maharashtra,39942,53249,695,250784
14-05-2021,Madhya Pradesh,8087,11671,88,68351
14-05-2021,Gujarat,9995,15365,104,129208
14-05-2021,Sikkim,233,169,6,748
14-05-2021,Chandigarh,650,925,8,3361
14-05-2021,Bihar,7494,14131,77,108316
14-05-2021,Andhra Pradesh,22018,19177,96,89087
14-05-2021,Tripura,552,200,2,5655
14-05-2021,Odisha,12390,9329,22,56214
14-05-2021,Arunachal Pradesh,263,223,5,2797
14-05-2021,Haryana,10608,14577,164,64912
14-05-2021,Manipur,726,381,16,3229
14-05-2021,Uttarakhand,5811,4483,181,29094
14-05-2021,Andaman and Nicobar Islands,32,12,2,425
14-05-2021,Puducherry,1974,1088,30,9148
14-05-2021,Tamil Nadu,31892,20037,288,160042
14-05-2021,Ladakh,240,231,2,2057
14-05-2021,West Bengal,20846,19131,136,70051
14-05-2021,Jammu and Kashmir,3027,3814,60,31552
14-05-2021,Telangana,4305,6361,29,57416
14-05-2021,Goa,2455,2960,61,6769
14-05-2021,Karnataka,41779,35879,373,127105
14-05-2021,Uttar Pradesh,15647,26179,311,263843
14-05-2021,Kerala,34695,31319,93,131375
14-05-2021,Nagaland,281,66,13,1115
14-05-2021,Meghalaya,627,327,12,2739
14-05-2021,Delhi,8506,14140,289,68575
14-05-2021,Lakshadweep,173,102,0,1153
14-05-2021,Chhattisgarh,7594,10908,172,63094
14-05-2021,Rajasthan,14289,13270,155,67789
14-05-2021,Punjab,8035,8446,180,71055
14-05-2021,Jharkhand,3776,7112,76,55028
14-05-2021,Assam,4078,4168,76,44057
14-05-2021,Himachal Pradesh,3031,3375,67,11388
14-05-2021,Mizoram,201,206,0,4812
15-05-2021,Maharashtra,34885,59073,960,237264
15-05-2021,Madhya Pradesh,7571,11973,72,59504
15-05-2021,Gujarat,9061,15076,95,128320
15-05-2021,Sikkim,216,201,5,848
15-05-2021,Chandigarh,660,963,8,3417
15-05-2021,Bihar,7336,14340,73,110172
15-05-2021,Andhra Pradesh,22517,18739,98,89535
15-05-2021,Tripura,449,250,3,4850
15-05-2021,Odisha,11805,10781,21,57002
15-05-2021,Arunachal Pradesh,249,199,1,2770
15-05-2021,Haryana,9676,12593,144,56557
15-05-2021,Manipur,730,403,10,3431
15-05-2021,Uttarakhand,5684,4806,197,24010
15-05-2021,Andaman and Nicobar Islands,26,42,0,209
15-05-2021,Puducherry,1598,1774,20,9139
15-05-2021,Tamil Nadu,33658,20905,303,164945
15-05-2021,Ladakh,177,180,2,1487
15-05-2021,West Bengal,19511,19211,144,66563
15-05-2021,Jammu and Kashmir,3677,4140,63,33539
15-05-2021,Telangana,4298,6026,32,64362
15-05-2021,Goa,1957,3512,58,5571
15-05-2021,Karnataka,41665,34425,349,118345
15-05-2021,Uttar Pradesh,12513,28404,281,257081
15-05-2021,Kerala,32682,29442,96,122628
15-05-2021,Nagaland,305,53,6,927
15-05-2021,Meghalaya,560,215,21,3221
15-05-2021,Delhi,6430,11592,337,56811
15-05-2021,Lakshadweep,82,95,0,403
15-05-2021,Chhattisgarh,7664,13098,129,70239
15-05-2021,Rajasthan,13565,17481,149,50205
15-05-2021,Punjab,6771,8125,216,67604
15-05-2021,Jharkhand,3157,6762,65,52939
15-05-2021,Assam,5347,3254,63,64701
15-05-2021,Himachal Pradesh,4144,4138,56,15461
16-05-2021,Maharashtra,34409,59318,974,264587
16-05-2021,Madhya Pradesh,7106,12345,79,75517
16-05-2021,Gujarat,8210,14483,82,124128
16-05-2021,Sikkim,340,252,2,946
16-05-2021,Chandigarh,664,857,10,3595
16-05-2021,Bihar,6894,14202,89,120271
16-05-2021,Andhra Pradesh,24171,21101,101,94550
16-05-2021,Tripura,761,126,2,7624
16-05-2021,Odisha,11732,12077,19,56442
16-05-2021,Arunachal Pradesh,180,168,3,2059
16-05-2021,Haryana,9115,14856,139,60539
16-05-2021,Manipur,677,399,16,3364
16-05-2021,Uttarakhand,4070,5034,188,33844
16-05-2021,Andaman and Nicobar Islands,35,16,3,578
16-05-2021,Puducherry,1961,1491,32,9446
16-05-2021,Tamil Nadu,33181,21317,311,166812
16-05-2021,Ladakh,119,122,0,848
16-05-2021,West Bengal,19117,19113,147,64549
16-05-2021,Jammu and Kashmir,4141,3934,59,36716
16-05-2021,Telangana,3816,5892,27,44985
16-05-2021,Goa,1314,3793,43,3877
16-05-2021,Karnataka,31531,36475,403,113219
16-05-2021,Uttar Pradesh,10505,24837,308,267742
16-05-2021,Kerala,29705,34296,89,115982
16-05-2021,Nagaland,246,108,13,923
16-05-2021,Meghalaya,569,354,19,3887
16-05-2021,Delhi,6456,9706,262,62059
16-05-2021,Lakshadweep,117,146,1,558
16-05-2021,Chhattisgarh,4888,11552,144,52028
16-05-2021,Rajasthan,10290,24440,156,72779
16-05-2021,Punjab,6950,9059,202,72422
16-05-2021,Jharkhand,2321,7119,48,42945
16-05-2021,Assam,3650,4225,56,42884
16-05-2021,Himachal Pradesh,2378,4974,70,10186
16-05-2021,Mizoram,180,189,1,4126
17-05-2021,Maharashtra,26635,48211,1000,234416
17-05-2021,Madhya Pradesh,5921,11513,77,64741
17-05-2021,Gujarat,7135,12342,81,121653
17-05-2021,Sikkim,70,224,5,190
17-05-2021,Chandigarh,620,876,6,3355
17-05-2021,Bihar,5920,11216,96,125342
17-05-2021,Andhra Pradesh,18561,17334,109,73749
17-05-2021,Tripura,335,292,10,4637
17-05-2021,Odisha,10757,11821,22,58436
17-05-2021,Arunachal Pradesh,304,214,4,4208
17-05-2021,Haryana,7488,14279,114,49934
17-05-2021,Manipur,330,455,14,2548
17-05-2021,Uttarakhand,3762,3647,223,29663
17-05-2021,Andaman and Nicobar Islands,35,46,1,428
17-05-2021,Puducherry,1446,1701,28,8056
17-05-2021,Tamil Nadu,33075,20486,335,156277
17-05-2021,Ladakh,130,134,0,2234
17-05-2021,West Bengal,19003,19101,147,59794
17-05-2021,Jammu and Kashmir,3344,4042,73,34637
17-05-2021,Telangana,3961,5559,30,62591
17-05-2021,Goa,1562,4008,53,4265
17-05-2021,Karnataka,38603,34635,476,97236
17-05-2021,Uttar Pradesh,9345,23045,271,255334
17-05-2021,Kerala,21403,99651,87,86505
17-05-2021,Nagaland,282,104,7,1219
17-05-2021,Meghalaya,634,237,16,2328
17-05-2021,Delhi,4524,10918,340,53756
17-05-2021,Lakshadweep,221,129,0,1051
17-05-2021,Chhattisgarh,6577,13865,149,65000
17-05-2021,Rajasthan,11597,29459,157,36176
17-05-2021,Punjab,6881,8552,191,60994
17-05-2021,Jharkhand,2507,5463,60,52887
17-05-2021,Assam,6394,4737,92,91481
17-05-2021,Himachal Pradesh,3550,3760,58,13534
17-05-2021,Mizoram,150,245,2,599
18-05-2021,Maharashtra,28455,52898,1291,250310
18-05-2021,Madhya Pradesh,5412,11358,70,69454
18-05-2021,Gujarat,6447,9557,67,114664
18-05-2021,Sikkim,209,94,2,580
18-05-2021,Chandigarh,526,867,6,2836
18-05-2021,Bihar,6286,11174,111,135130
18-05-2021,Andhra Pradesh,21320,21274,99,91253
18-05-2021,Tripura,746,269,4,9789
18-05-2021,Odisha,10321,10242,22,56684
18-05-2021,Arunachal Pradesh,356,302,2,4888
18-05-2021,Haryana,7774,14897,124,60457
18-05-2021,Manipur,624,337,20,3201
18-05-2021,Uttarakhand,4829,7019,98,38000
18-05-2021,Andaman and Nicobar Islands,36,30,3,293
18-05-2021,Puducherry,1797,1670,33,9559
18-05-2021,Tamil Nadu,33059,21362,364,160464
18-05-2021,Ladakh,202,156,5,1613
18-05-2021,West Bengal,19428,19050,145,67626
18-05-2021,Jammu and Kashmir,3967,3823,71,41015
18-05-2021,Telangana,3982,5186,27,71616
18-05-2021,Goa,1358,3120,45,3898
18-05-2021,Karnataka,30309,58395,525,93247
18-05-2021,Uttar Pradesh,8673,21108,255,280567
18-05-2021,Kerala,31340,45926,97,134553
18-05-2021,Nagaland,372,192,12,1723
18-05-2021,Meghalaya,906,470,19,4160
18-05-2021,Delhi,4482,9403,265,65004
18-05-2021,Lakshadweep,226,151,1,2537
18-05-2021,Chhattisgarh,6477,12098,153,69873
18-05-2021,Rajasthan,8398,25160,146,74896
18-05-2021,Punjab,7066,8174,231,63416
18-05-2021,Jharkhand,2925,4859,62,56623
18-05-2021,Assam,5835,4311,73,90251
18-05-2021,Himachal Pradesh,2886,4565,78,15835
19-05-2021,Maharashtra,34043,51457,594,285647
19-05-2021,Madhya Pradesh,5065,10337,88,72756
19-05-2021,Gujarat,5246,9001,71,89939
19-05-2021,Sikkim,272,222,2,838
19-05-2021,Chandigarh,414,870,9,2945
19-05-2021,Bihar,6059,12043,104,140102
19-05-2021,Andhra Pradesh,23160,24819,106,101330
19-05-2021,Tripura,879,317,5,10185
19-05-2021,Odisha,11099,10036,21,60510
19-05-2021,Arunachal Pradesh,337,148,2,4509
19-05-2021,Haryana,6818,11821,153,69780
19-05-2021,Manipur,582,347,23,3095
19-05-2021,Uttarakhand,4518,7333,193,36761
19-05-2021,Andaman and Nicobar Islands,35,26,3,458
19-05-2021,Puducherry,1759,1555,29,9007
19-05-2021,Tamil Nadu,34875,23863,365,170355
19-05-2021,Ladakh,134,127,1,1422
19-05-2021,West Bengal,19006,19151,157,70133
19-05-2021,Jammu and Kashmir,3969,4338,62,48565
19-05-2021,Telangana,3837,4976,25,71070
19-05-2021,Goa,1209,2160,31,3873
19-05-2021,Karnataka,34281,49951,468,129538
19-05-2021,Uttar Pradesh,7186,19669,280,299928
19-05-2021,Kerala,32765,48413,112,140545
19-05-2021,Nagaland,248,215,6,1446
19-05-2021,Meghalaya,872,411,24,4249
19-05-2021,Delhi,3846,9427,235,66573
19-05-2021,Lakshadweep,254,59,3,2924
19-05-2021,Chhattisgarh,5680,10048,146,69402
19-05-2021,Rajasthan,9849,16039,139,54687
19-05-2021,Punjab,6302,7872,208,73245
19-05-2021,Jharkhand,1894,4528,53,48971
19-05-2021,Assam,6143,4057,89,102040
19-05-2021,Himachal Pradesh,3396,3091,69,14858
19-05-2021,Mizoram,184,177,1,6263
20-05-2021,Maharashtra,29909,47371,984,279911
20-05-2021,Madhya Pradesh,4952,9746,88,77493
20-05-2021,Gujarat,4773,8308,64,96914
20-05-2021,Sikkim,249,216,3,676
20-05-2021,Chandigarh,404,891,10,3208
20-05-2021,Bihar,5871,9977,98,140070
20-05-2021,Andhra Pradesh,22610,23098,114,101281
20-05-2021,Tripura,720,316,3,10699
20-05-2021,Odisha,11498,9870,25,60598
20-05-2021,Arunachal Pradesh,360,214,0,4602
20-05-2021,Haryana,6457,14734,129,50222
20-05-2021,Manipur,644,546,11,3113
20-05-2021,Uttarakhand,3680,8006,159,34844
20-05-2021,Andaman and Nicobar Islands,49,16,1,496
20-05-2021,Puducherry,1957,1304,28,9347
20-05-2021,Tamil Nadu,35579,25368,397,171094
20-05-2021,Ladakh,107,106,1,1749
20-05-2021,West Bengal,19091,18910,162,70638
20-05-2021,Jammu and Kashmir,4169,4042,67,47432
20-05-2021,Telangana,3660,4826,23,69252
20-05-2021,Goa,1582,3694,44,4581
20-05-2021,Karnataka,28869,52257,548,120711
20-05-2021,Uttar Pradesh,6681,13590,236,291491
20-05-2021,Kerala,30495,44369,128,131525
20-05-2021,Nagaland,330,218,11,2039
20-05-2021,Meghalaya,1183,465,10,3976
20-05-2021,Delhi,3231,7831,233,58744
20-05-2021,Lakshadweep,291,97,2,3201
20-05-2021,Chhattisgarh,5212,9501,113,66542
20-05-2021,Rajasthan,7680,16705,127,41724
20-05-2021,Punjab,5469,8736,191,71663
20-05-2021,Jharkhand,2056,4326,60,50504
20-05-2021,Assam,6573,3071,74,102684
20-05-2021,Himachal Pradesh,2650,4257,65,14503
20-05-2021,Mizoram,192,136,0,1622
21-05-2021,Maharashtra,29664,44493,1263,287501
21-05-2021,Madhya Pradesh,4384,9405,79,78268
21-05-2021,Gujarat,4251,8783,65,109748
21-05-2021,Sikkim,317,261,3,931
21-05-2021,Chandigarh,406,790,14,3314
21-05-2021,Bihar,5154,10151,98,125011
21-05-2021,Andhra Pradesh,20937,20811,104,92231
21-05-2021,Tripura,863,379,2,11438
21-05-2021,Odisha,12523,10881,27,61665
21-05-2021,Arunachal Pradesh,394,206,3,4615
21-05-2021,Haryana,5643,13486,112,55446
21-05-2021,Manipur,656,1247,15,3157
21-05-2021,Uttarakhand,3675,8731,116,42436
21-05-2021,Andaman and Nicobar Islands,31,16,2,666
21-05-2021,Puducherry,1702,2017,26,9043
21-05-2021,Tamil Nadu,36184,24478,467,174112
21-05-2021,Ladakh,121,110,1,1921
21-05-2021,West Bengal,19847,19017,159,77627
21-05-2021,Jammu and Kashmir,3848,4466,43,47159
21-05-2021,Telangana,3464,4801,25,65997
21-05-2021,Goa,1625,3075,30,5063
21-05-2021,Karnataka,32218,52581,353,133013
21-05-2021,Uttar Pradesh,7682,17668,172,289210
21-05-2021,Kerala,29676,41032,142,133558
21-05-2021,Nagaland,311,225,13,1541
21-05-2021,Meghalaya,828,419,25,4668
21-05-2021,Delhi,3009,7288,252,63190
21-05-2021,Lakshadweep,347,177,2,2941
21-05-2021,Chhattisgarh,4943,9867,96,65642
21-05-2021,Rajasthan,6225,18264,129,48232
21-05-2021,Punjab,5253,8652,172,73973
21-05-2021,Jharkhand,2151,4117,46,54146
21-05-2021,Assam,6066,4987,81,103158
21-05-2021,Himachal Pradesh,2661,4535,57,14440
22-05-2021,Maharashtra,26164,40294,682,281585
22-05-2021,Madhya Pradesh,3844,9327,89,79737
22-05-2021,Gujarat,4205,8445,54,107215
22-05-2021,Sikkim,287,267,1,1003
22-05-2021,Chandigarh,392,790,12,3962
22-05-2021,Bihar,4375,8676,103,140514
22-05-2021,Andhra Pradesh,19981,18336,118,90609
22-05-2021,Tripura,864,332,2,14589
22-05-2021,Odisha,11108,10601,26,60759
22-05-2021,Arunachal Pradesh,314,291,3,4532
22-05-2021,Haryana,5021,11327,98,54538
22-05-2021,Manipur,757,652,13,3163
22-05-2021,Uttarakhand,2952,8164,134,31732
22-05-2021,Andaman and Nicobar Islands,31,24,3,625
22-05-2021,Puducherry,1445,2011,30,9092
22-05-2021,Tamil Nadu,35873,25776,448,175231
22-05-2021,Ladakh,131,211,3,1440
22-05-2021,West Bengal,18863,19202,154,70019
22-05-2021,Jammu and Kashmir,3408,4117,48,48604
22-05-2021,Telangana,3308,4723,21,63120
22-05-2021,Goa,1647,2693,39,4581
22-05-2021,Karnataka,31183,61766,451,128761
22-05-2021,Uttar Pradesh,5964,17540,218,307415
22-05-2021,Kerala,28515,45400,176,126028
22-05-2021,Nagaland,258,214,13,1457
22-05-2021,Meghalaya,1123,509,21,4801
22-05-2021,Delhi,2260,6453,182,63155
22-05-2021,Lakshadweep,317,143,2,3094
22-05-2021,Chhattisgarh,4328,10131,103,67142
22-05-2021,Rajasthan,6103,15464,115,62893
22-05-2021,Punjab,5297,7363,201,80128
22-05-2021,Jharkhand,2037,3929,41,60579
22-05-2021,Assam,5980,4659,79,107398
22-05-2021,Himachal Pradesh,2337,5021,55,15220
23-05-2021,Maharashtra,26699,29177,1320,290155
23-05-2021,Madhya Pradesh,3375,7587,75,79083
23-05-2021,Gujarat,3794,8734,53,102175
23-05-2021,Sikkim,324,198,3,1010
23-05-2021,Chandigarh,360,741,10,3641
23-05-2021,Bihar,4002,8111,107,132590
23-05-2021,Andhra Pradesh,18767,20109,104,91629
23-05-2021,Tripura,876,196,6,12800
23-05-2021,Odisha,12852,11627,28,67156
23-05-2021,Arunachal Pradesh,226,260,3,3005
23-05-2021,Haryana,4400,9480,97,52282
23-05-2021,Manipur,767,609,14,3609
23-05-2021,Uttarakhand,3050,6173,71,41112
23-05-2021,Andaman and Nicobar Islands,24,32,2,625
23-05-2021,Puducherry,1448,1903,34,9037
23-05-2021,Tamil Nadu,35483,25196,422,176824
23-05-2021,Ladakh,130,122,2,810
23-05-2021,West Bengal,18422,19429,156,69145
23-05-2021,Jammu and Kashmir,3308,4956,51,45157
23-05-2021,Telangana,2242,4693,19,42526
23-05-2021,Goa,1621,2545,42,4568
23-05-2021,Karnataka,25979,35573,624,125117
23-05-2021,Uttar Pradesh,4715,14086,231,317684
23-05-2021,Kerala,25821,37316,188,113205
23-05-2021,Nagaland,224,137,14,1194
23-05-2021,Meghalaya,803,553,22,4149
23-05-2021,Delhi,1649,5158,189,68043
23-05-2021,Lakshadweep,195,141,0,1854
23-05-2021,Chhattisgarh,3306,7980,92,50722
23-05-2021,Rajasthan,6521,16520,113,52836
23-05-2021,Punjab,5021,8527,192,83258
23-05-2021,Jharkhand,1345,4375,37,41251
23-05-2021,Assam,3563,5785,72,62722
23-05-2021,Himachal Pradesh,1309,4059,59,7745
23-05-2021,Mizoram,214,103,2,12564
24-05-2021,Maharashtra,22147,42320,592,263774
24-05-2021,Madhya Pradesh,2936,6989,60,75910
24-05-2021,Gujarat,3187,9305,45,99600
24-05-2021,Sikkim,101,224,8,406
24-05-2021,Chandigarh,245,684,7,3095
24-05-2021,Bihar,2844,5500,93,128033
24-05-2021,Andhra Pradesh,12994,18373,96,58835
24-05-2021,Tripura,426,474,2,7184
24-05-2021,Odisha,11059,11614,32,66512
24-05-2021,Arunachal Pradesh,480,248,4,6607
24-05-2021,Haryana,3757,8359,95,45100
24-05-2021,Manipur,538,611,17,2600
24-05-2021,Uttarakhand,2125,7051,122,32093
24-05-2021,Andaman and Nicobar Islands,9,22,1,131
24-05-2021,Puducherry,922,1915,23,7674
24-05-2021,Tamil Nadu,34867,27026,404,168194
24-05-2021,Ladakh,125,184,0,3028
24-05-2021,West Bengal,17883,19670,153,66288
24-05-2021,Jammu and Kashmir,2237,3999,45,36272
24-05-2021,Telangana,3043,4693,21,59709
24-05-2021,Goa,1401,2362,38,3963
24-05-2021,Karnataka,25311,57333,529,108723
24-05-2021,Uttar Pradesh,3894,11918,153,326798
24-05-2021,Kerala,17826,36039,196,87331
24-05-2021,Nagaland,197,137,12,1006
24-05-2021,Meghalaya,811,679,26,2633
24-05-2021,Delhi,1550,4375,207,61506
24-05-2021,Lakshadweep,236,124,0,3155
24-05-2021,Chhattisgarh,4209,8985,60,74584
24-05-2021,Rajasthan,4414,16654,103,24370
24-05-2021,Punjab,4481,6803,187,56119
24-05-2021,Jharkhand,1394,3291,33,48088
24-05-2021,Assam,6221,5252,84,120668
24-05-2021,Himachal Pradesh,1949,3686,61,11166
25-05-2021,Maharashtra,24171,36176,1137,264275
25-05-2021,Madhya Pradesh,2422,7373,68,71416
25-05-2021,Gujarat,3255,9676,44,97403
25-05-2021,Sikkim,278,87,5,940
25-05-2021,Chandigarh,258,618,5,2966
25-05-2021,Bihar,3306,6015,104,144105
25-05-2021,Andhra Pradesh,15284,20917,106,72979
25-05-2021,Tripura,773,427,5,10267
25-05-2021,Odisha,10939,11769,33,62261
25-05-2021,Arunachal Pradesh,429,231,2,6714
25-05-2021,Haryana,2817,6720,128,50545
25-05-2021,Manipur,824,468,15,3788
25-05-2021,Uttarakhand,2756,6674,93,37068
25-05-2021,Puducherry,1237,1571,26,9148
25-05-2021,Tamil Nadu,34285,28745,468,171866
25-05-2021,West Bengal,17005,19057,157,66123
25-05-2021,Jammu and Kashmir,2964,3623,53,41394
25-05-2021,Telangana,3821,4298,23,81203
25-05-2021,Goa,1549,2082,39,5044
25-05-2021,Karnataka,22758,38224,588,107675
25-05-2021,Uttar Pradesh,3723,10441,157,298814
25-05-2021,Kerala,29803,33397,177,143028
25-05-2021,Nagaland,281,161,18,1037
25-05-2021,Meghalaya,957,755,19,5413
25-05-2021,Delhi,1568,4251,156,73406
25-05-2021,Lakshadweep,264,104,2,3316
25-05-2021,Chhattisgarh,3506,7893,77,72031
25-05-2021,Rajasthan,3404,15635,105,58755
25-05-2021,Punjab,4756,6451,174,74683
25-05-2021,Jharkhand,1247,3155,20,58572
25-05-2021,Assam,5767,4783,92,114315
25-05-2021,Himachal Pradesh,1999,3067,60,15007
