DATE,STATE,CONFIRMED,RECOVERED,DECEASED,TOTAL TESTED
03-04-2021,Uttar Pradesh,3187,750,14,166143
13-04-2021,Jammu and Kashmir,1269,493,3,37016
17-04-2021,Himachal Pradesh,1392,656,12,10907
26-04-2021,Manipur,146,36,5,1088
06-05-2021,Chandigarh,759,693,9,2914
09-05-2021,Maharashtra,48401,60226,572,247466
10-05-2021,Delhi,12651,13306,319,66234
19-05-2021,Uttarakhand,4492,7333,193,36761
23-05-2021,Bihar,4002,8111,107,132590
08-04-2021,Tamil Nadu,4276,1869,19,85281
13-04-2021,Chandigarh,397,381,1,2785
16-04-2021,Maharashtra,63729,45335,398,272226
17-04-2021,Mizoram,62,1,\N,2070
26-04-2021,Uttarakhand,5058,1601,67,63120
28-04-2021,Assam,3045,1098,22,55480
30-04-2021,Bihar,15853,11194,80,98169
08-05-2021,West Bengal,19436,18243,127,63377
14-05-2021,Goa,2455,2960,61,6769
16-05-2021,Madhya Pradesh,7106,12345,79,75517
20-05-2021,Nagaland,326,218,11,2039
22-05-2021,Kerala,28514,45400,176,126028
09-04-2021,Uttarakhand,748,327,5,32169
13-04-2021,Bihar,4157,1047,14,93523
15-04-2021,West Bengal,6769,2387,22,42121
21-04-2021,Goa,1502,426,17,4089
23-04-2021,Madhya Pradesh,13590,10833,74,57176
03-05-2021,Nagaland,101,30,6,438
14-05-2021,Karnataka,41779,35879,373,127105
15-05-2021,Telangana,4298,6026,32,64362
16-05-2021,Gujarat,8210,14483,82,124128
19-05-2021,Puducherry,1759,1555,29,9007
04-04-2021,Goa,265,167,1,2057
06-04-2021,Madhya Pradesh,3722,2203,18,33493
10-04-2021,Nagaland,12,2,\N,588
21-04-2021,Karnataka,23558,6412,116,152281
22-04-2021,Telangana,5567,2251,23,102335
26-04-2021,Puducherry,747,515,10,3451
26-04-2021,Andaman and Nicobar Islands,51,53,\N,1679
10-05-2021,Lakshadweep,101,124,1,471
14-05-2021,Uttar Pradesh,15647,26179,311,263843
24-05-2021,Jammu and Kashmir,2237,3999,45,36272
04-04-2021,Karnataka,4553,2060,15,119881
05-04-2021,Telangana,1097,268,6,43070
06-04-2021,Gujarat,3280,2167,17,125383
21-04-2021,Uttar Pradesh,33106,14198,187,225570
29-04-2021,Jharkhand,5961,4755,145,36291
07-05-2021,Jammu and Kashmir,5443,2752,50,49718
19-05-2021,Tamil Nadu,34875,23863,365,170355
24-05-2021,Chandigarh,245,684,7,3095
25-05-2021,Sikkim,278,87,5,940
03-04-2021,Kerala,2541,1660,12,44779
04-04-2021,Uttar Pradesh,4136,863,31,177761
14-04-2021,Jammu and Kashmir,1086,372,5,37959
18-04-2021,Himachal Pradesh,788,532,10,8509
27-04-2021,Manipur,175,50,3,1845
01-05-2021,Tripura,173,67,2,4360
01-05-2021,Andhra Pradesh,19412,11579,61,98214
03-05-2021,Meghalaya,246,177,6,2041
07-05-2021,Chandigarh,890,797,8,3898
24-05-2021,Bihar,2844,5500,93,128033
09-04-2021,Tamil Nadu,5441,1890,23,88135
10-04-2021,Meghalaya,39,4,\N,2310
14-04-2021,Chandigarh,421,417,3,3085
17-04-2021,Maharashtra,67123,56783,419,272035
27-04-2021,Uttarakhand,5703,1471,96,37874
29-04-2021,Assam,3079,1797,26,67278
10-05-2021,Chhattisgarh,11867,13138,172,64809
15-05-2021,Goa,1957,3512,58,5571
16-05-2021,Sikkim,340,252,2,946
17-05-2021,Madhya Pradesh,5921,11513,77,64741
21-05-2021,Nagaland,309,225,13,1541
09-04-2021,Himachal Pradesh,662,501,7,8496
16-04-2021,West Bengal,6910,2818,26,40153
22-04-2021,Goa,1410,461,21,3906
24-04-2021,Madhya Pradesh,12918,11091,104,55879
30-04-2021,Kerala,37199,17500,49,149487
02-05-2021,Delhi,20394,24444,407,71997
15-05-2021,Karnataka,41664,34425,349,118345
16-05-2021,Telangana,3816,5892,27,44985
17-05-2021,Gujarat,7135,12342,81,121653
09-04-2021,Mizoram,36,3,\N,1388
11-04-2021,Nagaland,5,2,2,215
22-04-2021,Karnataka,25795,5624,123,162534
23-04-2021,Telangana,6206,3052,29,105602
24-04-2021,Gujarat,14097,6479,152,185034
27-04-2021,Puducherry,1021,690,13,6502
11-05-2021,Lakshadweep,105,104,\N,712
14-05-2021,Kerala,34694,31319,93,131375
15-05-2021,Uttar Pradesh,12513,28404,281,257081
25-05-2021,Jammu and Kashmir,2964,3623,53,41394
05-04-2021,Bihar,935,349,3,72418
22-04-2021,Uttar Pradesh,34254,16514,195,197033
06-05-2021,Karnataka,49058,18943,328,164441
07-05-2021,Telangana,11451,17183,87,141422
25-05-2021,Chandigarh,258,618,5,2966
02-04-2021,Nagaland,16,\N,\N,168
04-04-2021,Kerala,2802,2173,10,45171
18-04-2021,Puducherry,663,282,3,5070
18-04-2021,Andaman and Nicobar Islands,59,54,\N,2347
27-04-2021,Tamil Nadu,15830,14043,77,121549
02-05-2021,Tripura,247,41,\N,5318
04-05-2021,Meghalaya,339,204,\N,2302
19-05-2021,Ladakh,134,127,1,1422
11-04-2021,Meghalaya,28,40,\N,1886
11-05-2021,Chhattisgarh,9717,12786,199,63811
17-05-2021,Sikkim,70,224,5,190
20-05-2021,Delhi,3231,7831,233,58744
22-05-2021,Nagaland,252,214,13,1457
06-04-2021,Jammu and Kashmir,561,230,2,39657
19-04-2021,Manipur,54,12,1,967
01-05-2021,Rajasthan,17652,11676,160,84180
03-05-2021,Delhi,18043,20293,448,61045
16-05-2021,Bihar,6894,14202,89,120271
06-04-2021,Chandigarh,319,342,2,2361
09-04-2021,Maharashtra,58993,45391,301,245707
10-04-2021,Delhi,7897,5716,39,77374
19-04-2021,Uttarakhand,2160,532,24,30330
23-04-2021,Bihar,12672,6067,54,108147
25-04-2021,Gujarat,14296,6727,157,168172
07-05-2021,Goa,4195,2175,56,8170
09-05-2021,Madhya Pradesh,11051,4538,86,65282
15-05-2021,Kerala,32680,29442,96,122628
06-04-2021,Bihar,1080,267,2,81314
08-04-2021,West Bengal,2783,957,7,33499
18-02-2021,Jharkhand,1,\N,\N,14511
14-04-2021,Goa,473,245,4,2236
16-04-2021,Madhya Pradesh,11045,7496,60,49903
22-04-2021,Kerala,26995,6370,28,135177
23-04-2021,Uttar Pradesh,36605,22566,196,225456
07-05-2021,Karnataka,48781,28623,592,158902
08-05-2021,Telangana,5186,7994,38,69148
09-05-2021,Gujarat,11084,14770,121,127431
20-05-2021,Tripura,720,316,3,10699
20-05-2021,Andhra Pradesh,22610,23098,114,101281
22-05-2021,Meghalaya,1123,509,21,4801
03-04-2021,Nagaland,1,\N,\N,89
14-04-2021,Karnataka,11265,4364,38,113242
15-04-2021,Telangana,3307,897,8,106627
19-04-2021,Puducherry,565,336,5,3564
19-04-2021,Andaman and Nicobar Islands,31,12,\N,1668
28-04-2021,Tamil Nadu,16665,15114,98,130042
03-05-2021,Lakshadweep,70,109,2,490
07-05-2021,Uttar Pradesh,27763,33117,372,241403
17-05-2021,Jammu and Kashmir,3344,4042,73,34637
10-04-2021,Lakshadweep,10,5,\N,396
12-04-2021,Meghalaya,26,23,\N,1083
14-04-2021,Uttar Pradesh,20439,4517,67,210796
28-04-2021,Himachal Pradesh,2539,1552,33,14481
01-05-2021,Odisha,10413,5634,11,47462
10-05-2021,Punjab,8549,6894,198,37806
11-05-2021,Andhra Pradesh,20345,14502,108,86878
17-05-2021,Chandigarh,620,876,6,3355
18-05-2021,Sikkim,209,94,2,580
21-05-2021,Delhi,3009,7288,252,63190
07-04-2021,Jammu and Kashmir,812,254,6,43875
24-04-2021,Chandigarh,711,428,3,3671
28-04-2021,Mizoram,228,49,\N,3305
02-05-2021,Rajasthan,18298,11262,159,84735
17-05-2021,Bihar,5920,11216,96,125342
19-05-2021,West Bengal,19006,19151,157,70133
25-05-2021,Goa,1549,2082,39,5044
01-04-2021,Tripura,24,13,\N,1884
01-04-2021,Andhra Pradesh,1271,464,3,31809
07-04-2021,Chandigarh,399,313,2,3112
11-04-2021,Delhi,10774,5158,48,114288
24-04-2021,Bihar,12359,6741,77,101428
26-04-2021,West Bengal,15992,9775,68,48562
01-05-2021,Haryana,13588,8509,125,50823
01-05-2021,Arunachal Pradesh,217,56,\N,3463
03-05-2021,Chhattisgarh,15274,14398,266,58493
08-05-2021,Goa,3751,3025,55,8115
09-05-2021,Sikkim,227,116,2,808
14-05-2021,Nagaland,275,66,13,1115
25-05-2021,Karnataka,22758,38224,588,107675
09-04-2021,West Bengal,3648,1146,8,36117
19-02-2021,Jharkhand,\N,1,\N,18371
10-04-2021,Chhattisgarh,14098,4983,123,50156
15-04-2021,Goa,757,182,5,2711
17-04-2021,Madhya Pradesh,11269,6497,66,52568
21-04-2021,Nagaland,97,4,\N,713
23-04-2021,Kerala,28447,5663,27,130617
08-05-2021,Karnataka,47563,34881,482,157027
09-05-2021,Telangana,4976,7646,35,55358
21-05-2021,Lakshadweep,345,177,2,2941
23-05-2021,Meghalaya,803,553,22,4149
25-05-2021,Uttar Pradesh,3723,10441,157,298814
02-04-2021,Delhi,3594,2084,14,87505
04-04-2021,Nagaland,1,\N,\N,164
15-04-2021,Karnataka,14738,3591,66,129400
16-04-2021,Telangana,3840,1198,9,121880
17-04-2021,Gujarat,9541,3783,97,173566
30-04-2021,Meghalaya,229,166,2,2547
04-05-2021,Lakshadweep,169,210,\N,1768
07-05-2021,Kerala,38460,26662,54,144345
08-05-2021,Uttar Pradesh,26636,34721,297,224529
18-05-2021,Jammu and Kashmir,3967,3823,71,41015
11-04-2021,Lakshadweep,5,3,\N,213
15-04-2021,Uttar Pradesh,22339,4222,104,206409
25-04-2021,Jammu and Kashmir,2381,866,21,44322
28-04-2021,Ladakh,116,137,\N,6766
29-04-2021,Himachal Pradesh,3040,1241,40,15260
11-05-2021,Punjab,8594,7324,214,62910
12-05-2021,Tripura,416,137,9,5388
12-05-2021,Andhra Pradesh,21452,19095,89,90750
18-05-2021,Chandigarh,526,867,6,2836
20-05-2021,Rajasthan,7680,16705,127,41724
22-05-2021,Delhi,2260,6453,182,63155
25-04-2021,Chandigarh,749,413,2,3800
28-04-2021,Maharashtra,63309,61181,1035,273125
29-04-2021,Mizoram,138,90,\N,3712
21-05-2021,Chhattisgarh,4943,9867,96,65642
02-04-2021,Tripura,4,5,\N,1053
02-04-2021,Andhra Pradesh,1288,610,5,31116
04-04-2021,Meghalaya,16,2,\N,1668
10-04-2021,Rajasthan,4401,562,18,56020
25-04-2021,Bihar,12795,7533,68,100491
27-04-2021,West Bengal,16403,10664,73,55287
02-05-2021,Punjab,7280,5244,157,58790
04-05-2021,Chhattisgarh,15785,12093,210,57034
10-05-2021,Jharkhand,6187,6962,129,100756
13-05-2021,Delhi,10489,15189,308,73675
15-05-2021,Nagaland,304,53,6,927
11-04-2021,Chhattisgarh,10521,5982,122,40178
22-04-2021,Nagaland,53,2,\N,266
09-05-2021,Bihar,11259,13364,67,109190
22-05-2021,Lakshadweep,317,143,2,3094
03-04-2021,Delhi,3567,2904,10,79617
16-04-2021,Bihar,6253,1853,13,100404
18-04-2021,Gujarat,10340,3981,110,165711
08-05-2021,Kerala,41971,27456,64,148546
10-05-2021,Assam,5803,4231,77,72197
19-05-2021,Jammu and Kashmir,3969,4338,62,48565
20-05-2021,Odisha,11498,9870,25,60598
07-04-2021,Goa,527,138,2,2639
09-04-2021,Madhya Pradesh,4882,2433,23,37462
12-04-2021,Lakshadweep,14,1,\N,361
15-04-2021,Kerala,8126,2700,20,60900
16-04-2021,Uttar Pradesh,27360,6429,103,223429
26-04-2021,Jammu and Kashmir,2135,1067,25,34530
29-04-2021,Andaman and Nicobar Islands,59,37,\N,1256
13-05-2021,Tripura,480,127,2,6234
13-05-2021,Andhra Pradesh,22399,18638,89,96446
15-05-2021,Meghalaya,560,215,21,3221
21-05-2021,Rajasthan,6225,18264,129,48232
07-04-2021,Karnataka,6976,2794,35,125390
08-04-2021,Telangana,2055,303,7,87332
20-04-2021,Tripura,60,16,\N,2566
20-04-2021,Andhra Pradesh,8987,3116,35,37922
22-04-2021,Meghalaya,180,68,\N,1981
26-04-2021,Chandigarh,821,477,5,3902
29-04-2021,Maharashtra,66159,68537,771,288213
20-05-2021,Haryana,6457,14734,129,50222
22-05-2021,Chhattisgarh,4328,10131,103,67142
03-04-2021,Lakshadweep,7,11,\N,497
05-04-2021,Meghalaya,4,7,\N,1108
07-04-2021,Uttar Pradesh,6002,1484,40,187304
28-04-2021,West Bengal,17207,11933,77,54936
03-05-2021,Punjab,6772,6016,155,36792
04-05-2021,Andhra Pradesh,20034,12207,82,115784
11-05-2021,Jharkhand,4365,7631,103,52712
14-05-2021,Delhi,8506,14140,289,68575
01-04-2021,Odisha,394,121,\N,29260
10-04-2021,Punjab,3239,2385,58,37774
12-04-2021,Chhattisgarh,13576,4865,132,45997
17-04-2021,Chandigarh,431,438,2,3016
21-04-2021,Delhi,24638,24600,249,78768
11-05-2021,Haryana,11637,15728,144,64874
11-05-2021,Arunachal Pradesh,205,232,4,2993
18-05-2021,Goa,1358,3120,45,3898
23-05-2021,Lakshadweep,193,141,\N,1854
02-04-2021,Rajasthan,1422,499,2,38126
04-04-2021,Delhi,4033,2677,21,86899
17-04-2021,Bihar,7870,1804,34,100555
19-04-2021,West Bengal,8426,4608,38,42118
30-04-2021,Lakshadweep,105,56,\N,1233
02-05-2021,Jharkhand,4738,4541,115,25421
07-05-2021,Nagaland,309,112,1,668
18-05-2021,Karnataka,30309,58395,525,93247
19-05-2021,Telangana,3837,4976,25,71070
01-04-2021,Haryana,1609,964,9,26420
03-04-2021,Chhattisgarh,5818,1328,36,40875
08-04-2021,Goa,582,107,2,3206
14-04-2021,Nagaland,13,102,\N,344
16-04-2021,Kerala,10031,3792,21,67775
14-05-2021,Tripura,552,200,2,5655
14-05-2021,Lakshadweep,173,102,\N,1153
16-05-2021,Meghalaya,569,354,19,3887
18-05-2021,Uttar Pradesh,8673,21108,255,280567
08-04-2021,Karnataka,6570,2393,36,108757
09-04-2021,Telangana,2478,363,5,101986
23-04-2021,Meghalaya,143,38,\N,2183
02-05-2021,Assam,2385,2831,30,23818
12-05-2021,Odisha,10982,8547,17,49191
21-05-2021,Punjab,5253,8652,172,73973
23-05-2021,Chhattisgarh,3306,7980,92,50722
04-04-2021,Lakshadweep,1,3,\N,531
08-04-2021,Uttar Pradesh,8474,1084,39,205229
18-04-2021,Jammu and Kashmir,1526,963,6,39840
30-04-2021,Chhattisgarh,14994,13677,269,59436
04-05-2021,Punjab,7514,6115,173,65777
05-05-2021,Tripura,240,59,\N,4486
05-05-2021,Andhra Pradesh,22204,11128,85,116367
13-05-2021,Rajasthan,15867,12929,159,72470
15-05-2021,Delhi,6430,11592,337,56811
02-04-2021,Odisha,461,218,\N,30716
11-04-2021,Punjab,3039,3121,59,37664
12-04-2021,Andhra Pradesh,3263,1091,11,33755
18-04-2021,Chandigarh,625,411,3,3550
20-04-2021,Rajasthan,12201,3207,64,85843
22-04-2021,Delhi,26169,19609,306,72208
12-05-2021,Haryana,12490,14264,165,68122
12-05-2021,Arunachal Pradesh,279,108,1,3334
14-05-2021,Chhattisgarh,7594,10908,172,63094
19-05-2021,Goa,1209,2160,31,3873
25-05-2021,Nagaland,276,161,18,1037
03-04-2021,Rajasthan,1675,418,3,26774
18-04-2021,Bihar,8690,3460,27,100604
26-04-2021,Goa,2321,712,38,6772
28-04-2021,Madhya Pradesh,12758,14156,105,58695
03-05-2021,Jharkhand,6899,5614,129,51527
06-05-2021,Delhi,19133,20028,335,78780
08-05-2021,Nagaland,333,19,15,12174
19-05-2021,Karnataka,34281,49951,468,129538
02-04-2021,Haryana,1861,1191,10,29128
04-04-2021,Chhattisgarh,5250,3076,36,26911
10-04-2021,Jharkhand,2373,667,17,28874
15-04-2021,Nagaland,42,3,\N,246
26-04-2021,Karnataka,29744,10663,201,166407
27-04-2021,Telangana,10122,6446,52,99638
28-04-2021,Gujarat,14120,8595,174,173909
01-05-2021,Manipur,319,79,5,2222
15-05-2021,Lakshadweep,82,95,\N,403
19-05-2021,Uttar Pradesh,7186,19669,280,299928
20-05-2021,Assam,6573,3071,74,102684
09-04-2021,Bihar,2174,318,3,90751
22-04-2021,Lakshadweep,145,34,\N,1907
26-04-2021,Uttar Pradesh,33551,26719,249,176720
01-05-2021,Uttarakhand,5493,3644,107,32568
03-05-2021,Assam,4489,2534,29,55939
13-05-2021,Odisha,10649,8665,19,51451
22-05-2021,Punjab,5297,7363,201,80128
23-05-2021,Andhra Pradesh,18767,20109,104,91629
05-04-2021,Lakshadweep,3,8,\N,374
08-04-2021,Kerala,4353,2205,18,63901
09-04-2021,Uttar Pradesh,9587,583,36,197653
10-04-2021,Assam,405,79,2,68075
19-04-2021,Jammu and Kashmir,1516,813,6,34092
20-04-2021,Odisha,4761,1740,5,32349
30-04-2021,Andhra Pradesh,17354,8468,64,86494
06-05-2021,Tripura,300,75,3,5352
06-05-2021,Andhra Pradesh,21954,10141,72,110147
08-05-2021,Meghalaya,375,152,11,2955
14-05-2021,Rajasthan,14289,13270,155,67789
13-04-2021,Tripura,62,7,\N,2099
13-04-2021,Andhra Pradesh,4228,1483,10,35582
15-04-2021,Meghalaya,97,3,\N,1707
19-04-2021,Chandigarh,612,429,4,3006
21-04-2021,Rajasthan,14622,3765,62,80981
01-05-2021,Puducherry,1379,623,12,6531
13-05-2021,Haryana,12286,16041,163,65141
15-05-2021,Chhattisgarh,7664,13098,129,70239
21-05-2021,Jharkhand,2151,4117,46,54146
20-04-2021,Haryana,7811,3367,35,46756
20-04-2021,Arunachal Pradesh,61,15,\N,1992
22-04-2021,Chhattisgarh,16750,17739,207,55000
27-04-2021,Goa,2110,748,31,5548
28-04-2021,Sikkim,151,21,1,515
29-04-2021,Madhya Pradesh,12762,13363,95,59449
04-05-2021,Jharkhand,5974,5810,132,36209
07-05-2021,Delhi,19832,19085,341,79593
10-05-2021,Himachal Pradesh,4359,2355,53,11223
03-04-2021,Punjab,2686,2781,49,28700
05-04-2021,Chhattisgarh,7302,1412,44,40053
11-04-2021,Jharkhand,2296,635,21,39331
14-04-2021,Delhi,17282,9952,104,108534
27-04-2021,Karnataka,31830,10793,180,170116
28-04-2021,Telangana,8061,5093,56,82270
29-04-2021,Gujarat,14327,9544,180,169352
01-05-2021,Tamil Nadu,19588,17164,147,151452
04-05-2021,Haryana,15786,11525,153,58408
04-05-2021,Arunachal Pradesh,234,138,\N,3827
10-05-2021,Mizoram,73,165,3,3571
16-05-2021,Lakshadweep,117,146,1,558
19-05-2021,Kerala,32762,48413,112,140545
21-05-2021,Assam,6066,4987,81,103158
23-04-2021,Lakshadweep,134,17,\N,1195
26-04-2021,Kerala,21890,7943,28,96378
27-04-2021,Uttar Pradesh,32921,30398,264,184061
24-05-2021,Tripura,426,474,2,7184
24-05-2021,Andhra Pradesh,12994,18373,96,58835
07-04-2021,Nagaland,11,2,\N,225
09-04-2021,Kerala,5063,2475,22,63240
11-04-2021,Assam,352,36,1,73329
21-04-2021,Odisha,4851,2009,5,38548
30-04-2021,Punjab,6063,5106,113,57642
07-05-2021,Tripura,315,149,1,5183
07-05-2021,Lakshadweep,101,118,1,1429
09-05-2021,Meghalaya,418,179,18,2325
14-04-2021,Tripura,39,22,\N,2083
16-04-2021,Meghalaya,121,12,1,2447
05-05-2021,Odisha,9889,6176,16,48101
14-05-2021,Punjab,8035,8446,180,71055
16-05-2021,Chhattisgarh,4888,11552,144,52028
22-05-2021,Jharkhand,2037,3929,41,60579
25-05-2021,Delhi,1568,4251,156,73406
02-04-2021,Assam,63,38,\N,12322
12-04-2021,Odisha,1741,538,2,30097
23-04-2021,Chhattisgarh,17397,15254,219,57185
29-04-2021,Sikkim,170,22,3,734
06-05-2021,Rajasthan,17532,16044,161,90099
08-05-2021,Delhi,17364,20160,332,74384
10-05-2021,Andaman and Nicobar Islands,31,37,2,360
04-04-2021,Punjab,3006,2955,51,36771
05-04-2021,Andhra Pradesh,1326,911,5,30678
13-04-2021,Rajasthan,5528,1251,28,59209
15-04-2021,Delhi,16699,13014,112,82569
28-04-2021,Bihar,13374,8818,84,103895
02-05-2021,Tamil Nadu,20768,17576,153,143083
05-05-2021,Haryana,15416,10640,181,51453
05-05-2021,Arunachal Pradesh,220,76,\N,3477
07-05-2021,Chhattisgarh,13628,13624,208,61939
10-05-2021,Maharashtra,37236,61607,549,192330
18-05-2021,Nagaland,365,192,12,1723
20-05-2021,Uttarakhand,3658,8006,159,34844
22-05-2021,Assam,5980,4659,79,107398
12-04-2021,Haryana,3818,2298,14,24988
12-04-2021,Arunachal Pradesh,6,1,\N,315
19-04-2021,Goa,940,428,17,2726
27-04-2021,Kerala,32819,18413,32,141199
01-05-2021,Ladakh,117,166,1,1208
02-05-2021,Himachal Pradesh,2453,1614,44,9684
11-05-2021,Manipur,592,195,20,3442
25-05-2021,Tripura,773,427,5,10267
03-04-2021,Jharkhand,873,161,7,20047
08-04-2021,Nagaland,5,\N,\N,205
19-04-2021,Karnataka,15785,7098,146,123212
01-05-2021,Maharashtra,63282,61326,802,289006
02-05-2021,Mizoram,152,120,1,2113
08-05-2021,Lakshadweep,127,215,\N,1359
11-05-2021,Uttarakhand,7120,4933,118,27928
13-05-2021,Assam,5468,4219,75,59594
23-05-2021,Odisha,12852,11627,28,67156
01-04-2021,Manipur,1,7,\N,942
15-04-2021,Lakshadweep,56,8,\N,524
19-04-2021,Uttar Pradesh,28211,10978,167,200542
29-04-2021,Jammu and Kashmir,3474,1617,26,50013
06-05-2021,Odisha,10521,6854,17,48314
15-05-2021,Punjab,6771,8125,216,67604
16-05-2021,Andhra Pradesh,24171,21101,101,94550
24-05-2021,Rajasthan,4414,16654,103,24370
01-04-2021,Uttarakhand,500,125,2,17870
03-04-2021,Assam,68,32,\N,16024
13-04-2021,Odisha,1784,523,2,28013
22-04-2021,Punjab,5450,3657,75,47305
23-04-2021,Andhra Pradesh,11766,4441,38,45581
29-04-2021,Chandigarh,801,447,8,3821
30-04-2021,Jharkhand,5961,4002,120,36836
07-05-2021,Rajasthan,18231,16930,164,77786
11-05-2021,Puducherry,2049,1359,30,9058
11-05-2021,Andaman and Nicobar Islands,28,24,\N,223
20-05-2021,Tamil Nadu,35579,25368,397,171094
23-05-2021,Haryana,4400,9480,97,52282
23-05-2021,Arunachal Pradesh,226,260,3,3005
06-04-2021,Tripura,14,6,\N,1402
06-04-2021,Andhra Pradesh,1941,835,7,31657
08-04-2021,Meghalaya,25,1,1,1781
14-04-2021,Rajasthan,6200,1956,29,39886
29-04-2021,Bihar,13089,10926,89,97972
30-04-2021,Haryana,13833,9348,98,50031
30-04-2021,Arunachal Pradesh,163,49,\N,3363
06-05-2021,Haryana,14840,12246,177,52132
08-05-2021,Chhattisgarh,12239,12198,223,61914
14-05-2021,Jharkhand,3776,7112,76,55028
19-05-2021,Nagaland,244,215,6,1446
20-05-2021,Himachal Pradesh,2648,4257,65,14503
01-04-2021,Puducherry,260,43,1,2355
13-04-2021,Haryana,3845,2109,16,34828
13-04-2021,Arunachal Pradesh,14,\N,\N,638
15-04-2021,Chhattisgarh,15256,11988,135,53454
21-04-2021,Jharkhand,5041,2331,62,43239
26-04-2021,Nagaland,55,3,\N,308
28-04-2021,Kerala,35013,15505,41,138190
03-05-2021,Himachal Pradesh,2630,1531,43,8511
12-05-2021,Manipur,666,358,17,3520
20-05-2021,Mizoram,192,136,\N,1622
04-04-2021,Jharkhand,787,148,8,14227
07-04-2021,Delhi,5506,3363,20,90201
10-04-2021,Himachal Pradesh,943,373,12,8615
02-05-2021,Maharashtra,56647,51356,669,257470
03-05-2021,Mizoram,74,66,1,1231
09-05-2021,Lakshadweep,125,148,\N,934
12-05-2021,Uttarakhand,7749,7005,109,34893
14-05-2021,Assam,4078,4168,76,44057
24-05-2021,Odisha,11059,11614,32,66512
01-04-2021,Tamil Nadu,2817,1634,19,85876
10-04-2021,Mizoram,25,\N,\N,785
16-04-2021,Lakshadweep,44,11,\N,687
19-04-2021,Kerala,13644,4305,21,87275
21-04-2021,Assam,1665,297,5,62107
01-05-2021,West Bengal,17512,14374,103,56297
17-05-2021,Tripura,335,292,10,4637
17-05-2021,Andhra Pradesh,18561,17334,109,73749
19-05-2021,Meghalaya,872,411,24,4249
25-05-2021,Rajasthan,3404,15635,105,58755
02-04-2021,Uttarakhand,364,194,2,9655
04-04-2021,Assam,69,48,2,7075
14-04-2021,Odisha,2267,610,3,33251
23-04-2021,Punjab,6728,3294,75,56579
24-04-2021,Tripura,127,45,\N,3436
24-04-2021,Andhra Pradesh,11698,4421,37,50972
12-05-2021,Puducherry,2007,1247,27,9176
24-05-2021,Haryana,3757,8359,95,45100
24-05-2021,Arunachal Pradesh,480,248,4,6607
07-04-2021,Tripura,21,1,1,1134
09-04-2021,Meghalaya,42,6,\N,2569
07-05-2021,Punjab,8297,4976,165,68418
09-05-2021,Chhattisgarh,9120,13243,189,48732
15-05-2021,Jharkhand,3157,6762,65,52939
18-05-2021,Delhi,4482,9403,265,65004
20-05-2021,Ladakh,107,106,1,1749
21-05-2021,Himachal Pradesh,2662,4535,57,14440
05-04-2021,Odisha,573,215,\N,28109
16-04-2021,Chhattisgarh,14912,12240,138,49584
22-04-2021,Jharkhand,7595,2373,106,73837
27-04-2021,Nagaland,207,16,\N,645
03-05-2021,Andaman and Nicobar Islands,66,52,1,778
12-05-2021,Tamil Nadu,30355,19508,293,156356
20-05-2021,Maharashtra,29911,47371,984,279911
06-04-2021,Rajasthan,2236,851,13,51715
08-04-2021,Delhi,7437,3687,24,91770
11-04-2021,Himachal Pradesh,570,506,\N,5186
20-04-2021,Manipur,94,4,1,1953
03-05-2021,Maharashtra,48621,59500,567,211668
13-05-2021,Uttarakhand,7127,5748,122,28708
15-05-2021,Assam,5347,3254,63,64701
25-05-2021,Odisha,10939,11769,33,62261
02-04-2021,Tamil Nadu,3290,1715,12,86066
05-04-2021,Haryana,2040,1501,8,18663
05-04-2021,Arunachal Pradesh,2,\N,\N,356
10-04-2021,Maharashtra,55411,53005,309,219977
11-04-2021,Mizoram,29,1,\N,1582
20-04-2021,Uttarakhand,3012,734,27,28024
22-04-2021,Assam,1931,398,10,73428
04-05-2021,Manipur,433,111,2,2473
10-05-2021,Madhya Pradesh,9715,7324,81,61530
18-05-2021,Tripura,746,269,4,9789
02-04-2021,Himachal Pradesh,406,285,4,4917
25-04-2021,Tripura,100,18,\N,4174
25-04-2021,Andhra Pradesh,12634,4304,69,62885
27-04-2021,Meghalaya,147,90,4,2144
04-05-2021,Uttarakhand,7028,5696,85,38046
06-05-2021,Assam,4936,2976,46,61377
10-05-2021,Gujarat,11592,14931,117,135787
16-05-2021,Odisha,11732,12077,19,56442
02-04-2021,Mizoram,8,\N,\N,735
08-04-2021,Lakshadweep,8,3,\N,276
20-04-2021,Puducherry,638,253,4,5670
08-05-2021,Punjab,9042,6647,171,64918
09-05-2021,Andhra Pradesh,22164,18832,92,105494
17-05-2021,Rajasthan,11597,29459,157,36176
19-05-2021,Delhi,3846,9427,235,66573
22-05-2021,Himachal Pradesh,2341,5021,55,15220
06-04-2021,Odisha,588,266,\N,25005
15-04-2021,Punjab,4311,2478,50,33688
23-04-2021,Jharkhand,5741,3205,63,42523
26-04-2021,Delhi,20201,22055,380,57690
04-05-2021,Puducherry,1138,886,17,6820
04-05-2021,Andaman and Nicobar Islands,31,29,\N,643
13-05-2021,Tamil Nadu,30621,19287,297,158129
16-05-2021,Haryana,9115,14856,139,60539
16-05-2021,Arunachal Pradesh,180,168,3,2059
21-05-2021,Maharashtra,29644,44493,1263,287501
07-04-2021,Rajasthan,2801,783,12,49948
11-04-2021,Puducherry,306,206,2,3348
11-04-2021,Andaman and Nicobar Islands,15,2,\N,2049
20-04-2021,Tamil Nadu,10986,6250,48,101329
23-04-2021,Haryana,11854,6334,60,49152
23-04-2021,Arunachal Pradesh,134,61,\N,3029
07-05-2021,Jharkhand,5973,5293,136,47909
12-05-2021,Ladakh,243,147,1,3692
13-05-2021,Himachal Pradesh,4937,3817,63,17404
20-05-2021,West Bengal,19091,18910,162,70638
06-04-2021,Haryana,2099,1115,9,32449
06-04-2021,Arunachal Pradesh,2,1,\N,259
08-04-2021,Chhattisgarh,10652,1316,94,48743
14-04-2021,Jharkhand,3198,1798,31,37586
19-04-2021,Nagaland,13,\N,\N,152
05-05-2021,Manipur,397,121,10,1943
10-05-2021,Sikkim,46,139,2,135
19-05-2021,Lakshadweep,254,59,3,2924
03-04-2021,Himachal Pradesh,418,308,4,5725
12-04-2021,Manipur,18,22,\N,912
26-04-2021,Tripura,98,62,\N,3342
28-04-2021,Meghalaya,159,138,2,2498
05-05-2021,Uttarakhand,7783,4757,127,5862
07-05-2021,Assam,5626,3262,47,68318
17-05-2021,Odisha,10757,11821,22,58436
02-04-2021,Maharashtra,47913,24126,481,183378
03-04-2021,Mizoram,3,\N,\N,386
09-04-2021,Lakshadweep,6,9,\N,572
12-04-2021,Uttarakhand,1334,605,7,36432
14-04-2021,Assam,385,106,3,30065
24-04-2021,Odisha,6647,3464,8,41017
02-05-2021,Madhya Pradesh,12662,13890,94,60487
18-05-2021,Rajasthan,8398,25160,146,74896
22-05-2021,Puducherry,1445,2011,30,9092
22-05-2021,Andaman and Nicobar Islands,31,24,3,625
01-04-2021,West Bengal,1274,534,2,25766
07-04-2021,Odisha,791,246,1,31531
16-04-2021,Punjab,3891,3129,50,44117
17-04-2021,Tripura,58,11,\N,2141
17-04-2021,Andhra Pradesh,7224,2332,15,35907
25-04-2021,Rajasthan,15809,6649,74,79960
27-04-2021,Delhi,24149,17862,381,73811
01-05-2021,Telangana,7754,6542,51,77930
02-05-2021,Gujarat,12978,11146,153,137714
05-05-2021,Puducherry,1819,933,18,6893
17-05-2021,Haryana,7488,14279,114,49934
17-05-2021,Arunachal Pradesh,304,214,4,4208
19-05-2021,Chhattisgarh,5680,10048,146,69402
25-05-2021,Jharkhand,1247,3155,20,58572
08-04-2021,Rajasthan,3526,520,20,52302
12-04-2021,Puducherry,512,232,2,3451
12-04-2021,Andaman and Nicobar Islands,11,10,\N,1649
21-04-2021,Tamil Nadu,11681,7071,53,112661
24-04-2021,Haryana,10491,5104,60,49069
24-04-2021,Arunachal Pradesh,116,19,\N,3062
08-05-2021,Jharkhand,6112,5953,141,45658
10-05-2021,Jammu and Kashmir,3614,2855,56,36822
13-05-2021,Ladakh,109,106,3,1955
14-05-2021,Himachal Pradesh,3044,3375,67,11388
23-05-2021,Manipur,767,609,14,3609
09-04-2021,Chhattisgarh,11447,2613,91,46711
15-04-2021,Jharkhand,3480,1325,28,38110
21-04-2021,Himachal Pradesh,1692,908,17,9291
30-04-2021,Manipur,271,74,5,1955
05-05-2021,Tamil Nadu,23310,20062,167,155382
06-05-2021,Manipur,380,33,13,2358
10-05-2021,Chandigarh,863,714,7,3756
11-05-2021,Sikkim,241,34,8,707
13-05-2021,Maharashtra,42582,54535,850,250398
14-05-2021,Mizoram,201,206,\N,4812
23-05-2021,Uttarakhand,3050,6173,71,41112
25-05-2021,Assam,5767,4783,92,114315
04-04-2021,Himachal Pradesh,404,256,10,3813
13-04-2021,Manipur,26,11,\N,811
21-04-2021,Mizoram,90,7,\N,6388
27-04-2021,Lakshadweep,154,131,\N,1906
30-04-2021,Uttarakhand,5654,4215,122,30029
06-05-2021,Uttarakhand,8517,4548,151,35735
08-05-2021,Assam,5756,3053,50,65140
10-05-2021,Bihar,10174,15800,75,100112
12-05-2021,West Bengal,20377,19231,135,69874
18-05-2021,Odisha,10321,10242,22,56684
20-05-2021,Madhya Pradesh,4952,9746,88,77493
03-04-2021,Maharashtra,49447,37821,277,184404
04-04-2021,Mizoram,3,3,\N,547
13-04-2021,Uttarakhand,1925,405,13,46126
15-04-2021,Assam,499,85,1,18323
25-04-2021,Odisha,6116,3464,7,43765
01-05-2021,Goa,2303,1310,54,5897
02-05-2021,Sikkim,230,68,1,799
03-05-2021,Madhya Pradesh,12062,13408,93,57448
19-05-2021,Rajasthan,9849,16039,139,54687
23-05-2021,Puducherry,1448,1903,34,9037
23-05-2021,Andaman and Nicobar Islands,24,32,2,625
02-04-2021,West Bengal,1733,550,4,26986
10-04-2021,Madhya Pradesh,4986,2741,24,37538
18-04-2021,Tripura,69,7,\N,2588
18-04-2021,Andhra Pradesh,6582,2343,22,35922
26-04-2021,Rajasthan,16438,6416,84,44295
30-04-2021,Andaman and Nicobar Islands,74,58,\N,1951
30-04-2021,Puducherry,1195,653,12,6451
01-05-2021,Karnataka,40990,18341,271,177982
02-05-2021,Telangana,7430,5567,56,76330
03-05-2021,Gujarat,12820,11999,140,131882
09-05-2021,Odisha,10635,8541,19,48757
10-04-2021,Gujarat,5011,2525,49,149124
13-04-2021,Puducherry,418,209,3,5050
25-04-2021,Haryana,10985,6057,64,46989
25-04-2021,Arunachal Pradesh,61,28,2,2365
27-04-2021,Chhattisgarh,14893,16931,246,54156
01-05-2021,Uttar Pradesh,30180,38826,304,266619
11-05-2021,Jammu and Kashmir,4352,3537,65,41353
15-05-2021,Himachal Pradesh,4145,4138,56,15461
24-05-2021,Manipur,538,611,17,2600
08-04-2021,Punjab,3070,2480,56,46372
16-04-2021,Jharkhand,3843,1393,56,35265
19-04-2021,Delhi,23686,21500,240,90696
22-04-2021,Himachal Pradesh,1774,689,18,8037
06-05-2021,Tamil Nadu,24898,21546,195,152130
09-05-2021,Haryana,13548,12639,151,55444
09-05-2021,Arunachal Pradesh,119,188,\N,2231
11-05-2021,Chandigarh,787,805,10,2829
14-05-2021,Maharashtra,39923,53249,695,250784
24-05-2021,Uttarakhand,2071,7051,122,32093
04-04-2021,Puducherry,227,109,\N,2416
04-04-2021,Andaman and Nicobar Islands,11,3,\N,1619
13-04-2021,Tamil Nadu,6984,3289,18,83332
16-04-2021,Arunachal Pradesh,28,2,\N,571
16-04-2021,Haryana,6277,2958,20,41658
21-04-2021,Maharashtra,67468,54985,568,272744
22-04-2021,Mizoram,73,24,\N,2259
28-04-2021,Lakshadweep,103,138,\N,1062
05-05-2021,Ladakh,251,131,\N,2674
06-05-2021,Himachal Pradesh,3942,2046,45,19132
13-05-2021,West Bengal,20839,19181,129,70473
21-05-2021,Madhya Pradesh,4384,9405,79,78268
07-04-2021,Jharkhand,1312,277,7,22105
20-04-2021,West Bengal,9819,4805,46,50044
03-05-2021,Sikkim,27,100,1,111
06-05-2021,Mizoram,170,46,\N,3248
20-05-2021,Telangana,3660,4826,23,69252
21-05-2021,Gujarat,4251,8783,65,109748
24-05-2021,Puducherry,922,1915,23,7674
05-04-2021,Manipur,5,9,\N,1039
19-04-2021,Tripura,32,15,\N,1389
02-05-2021,Bihar,13534,11694,97,89393
19-05-2021,Punjab,6302,7872,208,73245
05-04-2021,Uttarakhand,547,323,2,28381
07-04-2021,Assam,195,31,\N,21162
11-04-2021,Gujarat,5469,2976,54,145177
17-04-2021,Odisha,3144,1303,4,37245
26-04-2021,Punjab,6276,4438,98,35358
28-04-2021,Chhattisgarh,15563,15506,279,59402
01-05-2021,Kerala,35636,15493,48,146474
12-05-2021,Jammu and Kashmir,4509,3603,65,43916
15-05-2021,Andaman and Nicobar Islands,26,42,\N,209
24-05-2021,Tamil Nadu,34867,27026,404,168194
02-04-2021,Madhya Pradesh,2777,1482,16,26514
09-04-2021,Punjab,3404,2518,56,35492
18-04-2021,Rajasthan,10262,3084,42,64875
22-04-2021,Andaman and Nicobar Islands,37,33,1,1461
07-05-2021,Tamil Nadu,26465,22381,197,152812
18-05-2021,Jharkhand,2925,4859,62,56623
23-05-2021,Ladakh,130,122,2,810
01-04-2021,Telangana,887,337,4,59297
05-04-2021,Puducherry,180,95,\N,2702
05-04-2021,Andaman and Nicobar Islands,7,11,\N,1444
14-04-2021,Tamil Nadu,7819,3464,25,97668
17-04-2021,Haryana,7717,2944,32,43987
17-04-2021,Arunachal Pradesh,19,6,\N,659
22-04-2021,Maharashtra,67013,62298,568,281506
03-05-2021,Jammu and Kashmir,3733,1536,51,31655
06-05-2021,Ladakh,98,160,\N,1883
07-05-2021,Himachal Pradesh,4177,2376,56,15459
16-05-2021,Manipur,677,399,16,3364
21-05-2021,Sikkim,317,261,3,931
22-05-2021,Madhya Pradesh,3844,9327,89,79737
08-04-2021,Jharkhand,1882,498,7,29729
14-04-2021,Himachal Pradesh,925,252,13,7638
21-04-2021,West Bengal,10784,5616,58,50014
23-04-2021,Manipur,104,27,\N,1799
03-05-2021,Chandigarh,890,528,11,3911
04-05-2021,Sikkim,230,22,1,799
06-05-2021,Maharashtra,62194,63842,853,277086
07-05-2021,Mizoram,183,108,\N,3230
16-05-2021,Uttarakhand,4047,5034,188,33844
18-05-2021,Assam,5835,4311,73,90251
20-05-2021,Bihar,5871,9977,98,140070
22-05-2021,Gujarat,4205,8445,54,107215
06-04-2021,Manipur,7,1,\N,1135
10-04-2021,Chandigarh,398,343,3,3115
14-04-2021,Mizoram,30,1,\N,1890
23-04-2021,Uttarakhand,4339,1179,49,36069
03-05-2021,Bihar,11407,13603,82,72658
05-05-2021,West Bengal,18102,17073,103,59519
11-05-2021,Goa,3124,2475,75,8505
13-05-2021,Madhya Pradesh,8419,10157,74,66206
20-05-2021,Uttar Pradesh,6681,13590,236,291491
06-04-2021,Uttarakhand,791,351,7,48863
08-04-2021,Assam,245,68,1,22888
10-04-2021,Bihar,3469,822,6,95112
12-04-2021,West Bengal,4511,1947,14,37116
18-04-2021,Odisha,3664,1309,2,34450
27-04-2021,Punjab,5916,3774,100,57546
28-04-2021,Andhra Pradesh,14669,6433,71,74748
11-05-2021,Karnataka,39510,22584,480,116238
12-05-2021,Telangana,4723,5695,31,69525
16-05-2021,Puducherry,1961,1491,32,9446
16-05-2021,Andaman and Nicobar Islands,35,16,3,578
25-05-2021,Tamil Nadu,34285,28745,468,171866
01-04-2021,Goa,265,104,1,2611
03-04-2021,Madhya Pradesh,2839,1791,15,27231
19-04-2021,Rajasthan,11967,2408,53,40180
23-04-2021,Puducherry,792,383,2,5081
23-04-2021,Andaman and Nicobar Islands,42,49,\N,1692
11-05-2021,Uttar Pradesh,20445,29358,301,234651
19-05-2021,Jharkhand,1894,4528,53,48971
24-05-2021,Ladakh,125,184,\N,3028
25-05-2021,Himachal Pradesh,1999,3067,60,15007
01-04-2021,Karnataka,4234,1599,18,115732
02-04-2021,Telangana,965,312,5,59343
03-04-2021,Gujarat,2815,2063,13,114584
06-04-2021,Puducherry,237,139,2,3018
18-04-2021,Haryana,7177,3489,29,43883
18-04-2021,Arunachal Pradesh,20,3,\N,238
26-04-2021,Jharkhand,5541,4018,124,35895
04-05-2021,Jammu and Kashmir,4650,1878,37,37867
08-05-2021,Himachal Pradesh,5424,3013,37,18725
17-05-2021,Manipur,330,455,14,2548
22-05-2021,Sikkim,287,267,1,1003
01-04-2021,Uttar Pradesh,2589,510,9,124221
09-04-2021,Jharkhand,1925,553,17,25718
11-04-2021,Jammu and Kashmir,915,330,5,43821
15-04-2021,Himachal Pradesh,1034,589,11,5815
24-04-2021,Manipur,130,13,2,1232
04-05-2021,Chandigarh,780,542,11,3193
07-05-2021,Maharashtra,54022,37386,898,268912
08-05-2021,Mizoram,235,124,\N,2963
17-05-2021,Uttarakhand,3719,3647,223,29663
19-05-2021,Assam,6143,4057,89,102040
21-05-2021,Bihar,5154,10151,98,125011
23-05-2021,West Bengal,18422,19429,156,69145
06-04-2021,Tamil Nadu,3645,1809,15,80856
31-03-2021,Manipur,2,\N,\N,728
09-04-2021,Arunachal Pradesh,2,1,\N,531
11-04-2021,Chandigarh,402,357,3,3186
14-04-2021,Maharashtra,58952,39624,278,242149
15-04-2021,Mizoram,37,7,\N,2317
24-04-2021,Uttarakhand,5084,1466,81,36309
26-04-2021,Assam,3137,828,15,73181
30-04-2021,Gujarat,14605,10180,173,160999
06-05-2021,West Bengal,18431,17412,117,60105
12-05-2021,Goa,2865,2840,70,6920
14-05-2021,Madhya Pradesh,8087,11671,88,68351
20-05-2021,Kerala,30491,44369,128,131525
11-04-2021,Bihar,3756,1053,6,99023
13-04-2021,West Bengal,4817,2278,20,42214
21-04-2021,Madhya Pradesh,13107,9035,75,54548
28-04-2021,Punjab,6904,5272,142,53365
29-04-2021,Tripura,166,13,\N,5075
29-04-2021,Andhra Pradesh,14792,8188,57,86035
01-05-2021,Nagaland,158,44,3,640
12-05-2021,Karnataka,39998,34752,516,134792
13-05-2021,Telangana,4693,6876,33,71221
14-05-2021,Gujarat,9995,15365,104,129208
17-05-2021,Puducherry,1446,1701,28,8056
03-04-2021,Sikkim,6,2,\N,680
04-04-2021,Madhya Pradesh,3178,2201,11,28705
20-04-2021,Telangana,5926,2209,18,122143
21-04-2021,Gujarat,12553,4802,125,182011
24-04-2021,Puducherry,899,453,9,6030
24-04-2021,Andaman and Nicobar Islands,45,52,1,999
12-05-2021,Uttar Pradesh,18023,27139,326,247303
22-05-2021,Jammu and Kashmir,3408,4117,48,48604
02-04-2021,Bihar,662,204,2,63846
04-04-2021,Gujarat,2875,2024,14,112833
19-04-2021,Punjab,4622,3418,83,31686
27-04-2021,Jharkhand,6126,4247,131,33106
05-05-2021,Jammu and Kashmir,4716,2338,52,42368
08-05-2021,Andaman and Nicobar Islands,30,26,2,569
17-05-2021,Tamil Nadu,33075,20486,335,156277
22-05-2021,Chandigarh,392,790,12,3962
25-05-2021,Maharashtra,24136,36176,1137,264275
01-04-2021,Kerala,2798,1835,11,54347
02-04-2021,Uttar Pradesh,2953,782,16,147628
12-04-2021,Jammu and Kashmir,991,418,\N,34121
15-04-2021,Andaman and Nicobar Islands,15,4,\N,2054
24-04-2021,Tamil Nadu,14842,9142,80,125718
25-04-2021,Manipur,140,38,2,1788
30-04-2021,Sikkim,205,19,1,818
01-05-2021,Meghalaya,262,192,3,3293
16-05-2021,Ladakh,119,122,\N,848
22-05-2021,Bihar,4375,8676,103,140514
24-05-2021,West Bengal,17883,19670,153,66288
07-04-2021,Tamil Nadu,3986,1824,17,80535
12-04-2021,Chandigarh,424,375,1,3132
15-04-2021,Maharashtra,61695,53335,349,234452
25-04-2021,Uttarakhand,4368,1748,44,37580
27-04-2021,Assam,3132,955,18,62628
09-05-2021,Manipur,579,135,15,3164
14-05-2021,Sikkim,232,169,6,748
15-05-2021,Madhya Pradesh,7571,11973,72,59504
07-04-2021,Himachal Pradesh,653,226,9,7400
14-04-2021,West Bengal,5892,2297,24,43463
16-04-2021,Manipur,31,7,\N,1193
20-04-2021,Goa,1160,440,26,3597
22-04-2021,Madhya Pradesh,12384,9620,75,50974
09-05-2021,Uttarakhand,5890,2731,180,26713
13-05-2021,Bihar,7752,11008,90,97664
15-05-2021,Gujarat,9061,15076,95,128320
07-04-2021,Mizoram,8,6,\N,1149
20-04-2021,Karnataka,21794,4571,149,147488
21-04-2021,Telangana,6542,2887,20,130105
22-04-2021,Gujarat,13105,5010,137,189365
04-05-2021,Goa,2814,1870,52,6552
06-05-2021,Madhya Pradesh,12421,12965,86,68102
12-05-2021,Kerala,43529,34600,95,146320
13-05-2021,Uttar Pradesh,17745,19425,277,255036
23-05-2021,Jammu and Kashmir,3308,4956,51,45157
03-04-2021,Bihar,836,255,2,63982
05-04-2021,West Bengal,1961,664,4,26174
20-04-2021,Uttar Pradesh,29574,14391,162,199830
29-04-2021,Rajasthan,17269,10964,158,85373
30-04-2021,Jammu and Kashmir,3532,1287,30,46050
04-05-2021,Karnataka,44631,24714,288,153707
05-05-2021,Telangana,6361,8126,51,77435
09-05-2021,Andaman and Nicobar Islands,26,32,2,397
09-05-2021,Puducherry,1633,1158,26,9022
18-05-2021,Tamil Nadu,33059,21362,364,160464
23-05-2021,Chandigarh,360,741,10,3641
02-04-2021,Kerala,2508,2287,14,51783
16-04-2021,Puducherry,531,220,3,4714
16-04-2021,Andaman and Nicobar Islands,27,28,\N,2004
25-04-2021,Tamil Nadu,15659,11065,82,126298
28-04-2021,Haryana,12444,7618,95,48740
28-04-2021,Arunachal Pradesh,164,17,\N,3692
30-04-2021,Chandigarh,724,457,13,3204
02-05-2021,Meghalaya,321,154,5,2782
04-05-2021,Uttar Pradesh,25770,38683,351,208564
17-05-2021,Ladakh,130,134,\N,2234
18-05-2021,Himachal Pradesh,2892,4565,78,15835
25-05-2021,West Bengal,17005,19057,157,66123
19-04-2021,Jharkhand,4290,1777,46,38081
15-05-2021,Sikkim,215,201,5,848
04-04-2021,Jammu and Kashmir,573,189,3,42347
08-04-2021,Himachal Pradesh,621,260,6,8440
17-04-2021,Manipur,39,14,\N,1157
01-05-2021,Delhi,25219,27421,412,79780
14-05-2021,Bihar,7494,14131,77,108316
16-05-2021,West Bengal,19117,19113,147,64549
04-04-2021,Chandigarh,341,352,1,2738
07-04-2021,Maharashtra,59907,30296,322,231250
08-04-2021,Mizoram,14,3,\N,1374
17-04-2021,Uttarakhand,2757,802,37,52301
19-04-2021,Assam,1367,312,7,65410
21-04-2021,Bihar,12222,4774,56,105980
23-04-2021,Gujarat,13804,5618,142,189902
29-04-2021,Odisha,6998,4679,12,44064
05-05-2021,Goa,3496,2192,71,6769
07-05-2021,Madhya Pradesh,11708,4815,84,65262
11-05-2021,Nagaland,269,45,6,1345
13-05-2021,Kerala,39955,33733,97,139656
04-04-2021,Bihar,864,245,1,67033
06-04-2021,West Bengal,2058,722,7,29394
12-04-2021,Goa,476,231,2,2277
14-04-2021,Madhya Pradesh,9720,3657,51,44732
20-04-2021,Kerala,19577,3880,28,112221
05-05-2021,Karnataka,50112,26841,346,155224
06-05-2021,Telangana,6026,6551,52,79824
07-05-2021,Gujarat,12064,13085,119,139048
20-05-2021,Meghalaya,1183,465,10,3976
01-04-2021,Nagaland,5,0,\N,225
12-04-2021,Karnataka,9579,2767,52,116165
13-04-2021,Telangana,3052,778,7,113007
14-04-2021,Gujarat,7410,2642,73,153072
17-04-2021,Puducherry,715,198,3,4748
17-04-2021,Andaman and Nicobar Islands,42,36,1,2250
26-04-2021,Tamil Nadu,15684,13625,94,120184
29-04-2021,Haryana,13947,9535,97,48705
29-04-2021,Arunachal Pradesh,194,47,1,3524
01-05-2021,Lakshadweep,156,41,\N,3035
05-05-2021,Uttar Pradesh,31111,40852,353,232038
15-05-2021,Jammu and Kashmir,3677,4140,63,33539
18-05-2021,Ladakh,202,156,5,1613
19-05-2021,Himachal Pradesh,3396,3091,69,14858
12-04-2021,Uttar Pradesh,13604,3197,72,193468
22-04-2021,Jammu and Kashmir,1965,791,8,42736
26-04-2021,Himachal Pradesh,1692,921,27,9398
15-05-2021,Chandigarh,660,963,8,3417
18-05-2021,Maharashtra,28438,52898,1291,250310
19-05-2021,Mizoram,184,177,1,6263
05-04-2021,Jammu and Kashmir,442,241,2,35257
08-04-2021,Andaman and Nicobar Islands,18,7,\N,1638
17-04-2021,Tamil Nadu,9344,5263,39,100804
18-04-2021,Manipur,72,7,\N,1195
22-04-2021,Chandigarh,634,482,4,2984
25-04-2021,Maharashtra,66191,61450,832,289535
26-04-2021,Mizoram,22,60,\N,422
09-05-2021,Ladakh,138,105,2,924
15-05-2021,Bihar,7336,14340,73,110172
17-05-2021,West Bengal,19003,19101,147,59794
23-05-2021,Goa,1621,2545,42,4568
25-05-2021,Madhya Pradesh,2422,7373,68,71416
01-04-2021,Meghalaya,2,1,\N,1290
05-04-2021,Chandigarh,285,372,1,2104
08-04-2021,Maharashtra,56286,36130,376,236815
25-03-2021,Manipur,2,-1,\N,885
18-04-2021,Uttarakhand,2630,708,12,32821
22-04-2021,Bihar,11489,5308,59,101063
24-04-2021,West Bengal,14281,7584,59,55060
30-04-2021,Goa,3024,955,22,6757
01-05-2021,Chhattisgarh,15902,13532,229,60863
06-05-2021,Goa,3869,2023,58,7518
07-05-2021,Sikkim,268,123,2,807
08-05-2021,Madhya Pradesh,11598,4445,90,66525
12-05-2021,Nagaland,338,98,9,1738
23-05-2021,Karnataka,25979,35573,624,125117
24-05-2021,Telangana,3043,4693,21,59709
25-05-2021,Gujarat,3255,9676,44,97403
17-02-2021,Jharkhand,0,0,\N,10785
07-04-2021,West Bengal,2390,867,8,29394
09-04-2021,Manipur,12,8,\N,650
13-04-2021,Goa,562,236,3,2507
15-04-2021,Madhya Pradesh,10166,3970,53,47820
21-04-2021,Kerala,22414,5431,22,121763
30-04-2021,Karnataka,48296,14884,217,189793
06-05-2021,Bihar,15126,13364,90,105024
08-05-2021,Gujarat,11892,14737,119,134944
21-05-2021,Meghalaya,828,419,25,4668
23-05-2021,Uttar Pradesh,4715,14086,231,317684
13-04-2021,Karnataka,8778,6079,67,121899
14-04-2021,Telangana,2157,821,8,72364
15-04-2021,Gujarat,8152,3023,81,159115
30-04-2021,Uttar Pradesh,34372,32494,332,244167
02-05-2021,Lakshadweep,87,275,\N,1949
05-05-2021,Kerala,41953,23106,58,163321
06-05-2021,Uttar Pradesh,26622,28902,350,226112
16-05-2021,Jammu and Kashmir,4141,3934,59,36716
19-05-2021,Andaman and Nicobar Islands,35,26,3,458
12-04-2021,Kerala,5692,2474,11,45417
13-04-2021,Uttar Pradesh,17963,3474,85,219011
23-04-2021,Jammu and Kashmir,1937,1019,19,41123
27-04-2021,Himachal Pradesh,2157,1305,24,11081
10-05-2021,Tripura,133,130,4,3460
10-05-2021,Andhra Pradesh,14986,16167,84,60124
12-05-2021,Meghalaya,406,314,8,4681
16-05-2021,Chandigarh,664,857,10,3595
19-05-2021,Maharashtra,34031,51457,594,285647
09-04-2021,Puducherry,223,139,\N,3751
09-04-2021,Andaman and Nicobar Islands,12,1,\N,1552
18-04-2021,Tamil Nadu,10723,5925,42,110130
23-04-2021,Chandigarh,828,476,3,4062
26-04-2021,Maharashtra,48700,71736,524,222475
27-04-2021,Mizoram,103,12,\N,3489
18-05-2021,West Bengal,19428,19050,145,67626
24-05-2021,Goa,1401,2362,38,3963
02-04-2021,Meghalaya,15,1,\N,2585
25-04-2021,West Bengal,15889,8407,57,55600
02-05-2021,Chhattisgarh,11825,12358,199,42032
08-05-2021,Sikkim,200,65,5,682
11-05-2021,Delhi,12481,13583,347,70276
13-05-2021,Nagaland,366,91,12,1486
24-05-2021,Karnataka,25311,57333,529,108723
25-05-2021,Telangana,3821,4298,23,81203
20-04-2021,Nagaland,82,\N,\N,492
07-05-2021,Bihar,13466,13489,62,107153
09-05-2021,West Bengal,19441,18454,124,63095
20-05-2021,Lakshadweep,290,97,2,3201
23-05-2021,Kerala,25820,37316,188,113205
24-05-2021,Uttar Pradesh,3894,11918,153,326798
01-04-2021,Delhi,2790,1121,9,78073
14-04-2021,Bihar,4786,1189,21,100134
16-04-2021,Gujarat,8920,3387,94,160975
06-05-2021,Kerala,42464,27152,63,155632
05-04-2021,Goa,247,142,2,2046
07-04-2021,Madhya Pradesh,4043,2126,13,33419
13-04-2021,Kerala,7515,2959,20,73441
24-04-2021,Jammu and Kashmir,2030,944,15,40791
27-04-2021,Andaman and Nicobar Islands,48,42,\N,1948
11-05-2021,Tripura,466,150,3,6288
13-05-2021,Meghalaya,591,228,18,3369
05-04-2021,Karnataka,5279,1856,32,97829
06-04-2021,Telangana,1498,245,6,62350
07-04-2021,Gujarat,3575,2217,22,123866
19-04-2021,Tamil Nadu,10941,6172,44,111590
20-04-2021,Meghalaya,137,34,\N,1927
27-04-2021,Maharashtra,66358,67752,895,282719
08-05-2021,Jammu and Kashmir,4788,2500,60,46792
20-05-2021,Chhattisgarh,5212,9501,113,66542
01-04-2021,Lakshadweep,3,8,\N,379
03-04-2021,Meghalaya,24,\N,\N,770
05-04-2021,Uttar Pradesh,3974,879,13,161266
15-04-2021,Jammu and Kashmir,1141,487,4,36794
19-04-2021,Himachal Pradesh,1695,593,13,5643
28-04-2021,Manipur,259,59,2,2357
01-05-2021,Punjab,7017,4448,138,60547
02-05-2021,Andhra Pradesh,23920,11411,83,114299
08-05-2021,Chandigarh,870,861,9,3803
10-05-2021,Rajasthan,16487,13499,160,41169
12-05-2021,Delhi,13287,14071,300,78035
25-05-2021,Bihar,3306,6015,104,144105
15-04-2021,Chandigarh,412,409,3,2964
18-04-2021,Maharashtra,68631,45654,503,273272
19-04-2021,Mizoram,45,9,\N,607
28-04-2021,Uttarakhand,6054,3485,108,42438
08-05-2021,Bihar,12948,14962,76,108010
16-05-2021,Goa,1314,3793,43,3877
18-05-2021,Madhya Pradesh,5412,11358,70,69454
24-05-2021,Kerala,17821,36039,196,87331
15-04-2021,Bihar,6133,755,24,101236
17-04-2021,West Bengal,7713,3426,34,46971
23-04-2021,Goa,1420,596,12,3007
25-04-2021,Madhya Pradesh,13601,11324,92,59092
05-05-2021,Nagaland,287,33,3,1586
16-05-2021,Karnataka,31531,36475,403,113219
17-05-2021,Telangana,3961,5559,30,62591
18-05-2021,Gujarat,6447,9557,67,114664
01-04-2021,Chhattisgarh,4617,1125,34,40857
06-04-2021,Goa,387,95,1,2809
08-04-2021,Madhya Pradesh,4324,2296,27,33463
12-04-2021,Nagaland,11,\N,\N,186
14-04-2021,Kerala,8778,2642,22,65258
23-04-2021,Karnataka,26962,8697,190,177466
24-04-2021,Telangana,7432,2157,33,103770
28-04-2021,Puducherry,1258,632,10,6833
28-04-2021,Andaman and Nicobar Islands,52,44,1,1006
12-05-2021,Lakshadweep,115,87,1,896
14-05-2021,Meghalaya,627,327,12,2739
16-05-2021,Uttar Pradesh,10505,24837,308,267742
06-04-2021,Karnataka,6150,3487,39,102021
07-04-2021,Telangana,1914,285,5,74274
08-04-2021,Gujarat,4021,2197,35,134831
21-04-2021,Meghalaya,192,25,3,2924
09-05-2021,Jammu and Kashmir,5190,2423,54,48553
10-05-2021,Odisha,10031,9706,17,48377
02-04-2021,Lakshadweep,7,2,\N,192
05-04-2021,Kerala,2357,1866,12,40191
06-04-2021,Uttar Pradesh,5895,1176,30,179575
16-04-2021,Jammu and Kashmir,1144,562,2,35012
29-04-2021,Manipur,314,314,5,2579
03-05-2021,Tripura,134,62,1,2707
03-05-2021,Andhra Pradesh,18972,10227,71,115275
05-05-2021,Meghalaya,269,147,6,2692
09-05-2021,Chandigarh,895,879,10,3941
11-05-2021,Rajasthan,16080,13198,169,83851
10-04-2021,Tripura,41,1,\N,1447
10-04-2021,Andhra Pradesh,3309,1053,12,31929
16-04-2021,Chandigarh,481,428,1,3025
19-04-2021,Maharashtra,58924,52412,351,221626
20-04-2021,Delhi,28395,19430,277,86526
29-04-2021,Uttarakhand,6251,3129,85,34597
10-05-2021,Haryana,12718,16192,161,49703
10-05-2021,Arunachal Pradesh,205,179,4,2872
12-05-2021,Chhattisgarh,10150,9035,153,71138
17-05-2021,Goa,1562,4008,53,4265
19-05-2021,Madhya Pradesh,5065,10337,88,72756
23-05-2021,Nagaland,223,137,14,1194
25-05-2021,Kerala,29803,33397,177,143028
01-04-2021,Rajasthan,1350,446,4,36616
18-04-2021,West Bengal,8419,4053,28,46074
24-04-2021,Goa,1540,485,17,4533
26-04-2021,Madhya Pradesh,12686,11612,88,54982
30-04-2021,Nagaland,226,12,4,747
01-05-2021,Jharkhand,6323,5433,169,31295
04-05-2021,Delhi,19953,18788,338,74654
06-05-2021,Nagaland,267,38,3,908
17-05-2021,Karnataka,38603,34635,476,97236
18-05-2021,Telangana,3982,5186,27,71616
19-05-2021,Gujarat,5246,9001,71,89939
02-04-2021,Chhattisgarh,4174,1260,43,34075
13-04-2021,Nagaland,11,3,\N,267
24-04-2021,Karnataka,29438,9058,208,189613
25-04-2021,Telangana,8126,3307,38,108602
26-04-2021,Gujarat,14340,7727,158,159156
29-04-2021,Puducherry,1122,565,12,9727
13-05-2021,Lakshadweep,193,117,2,2196
16-05-2021,Kerala,29704,34296,89,115982
17-05-2021,Uttar Pradesh,9345,23045,271,255334
07-04-2021,Bihar,1527,553,3,85050
09-04-2021,Gujarat,4541,2280,42,134332
20-04-2021,Lakshadweep,53,26,\N,482
24-04-2021,Uttar Pradesh,37944,23231,222,226084
01-05-2021,Assam,3453,2229,23,54002
11-05-2021,Odisha,9793,7564,18,46241
20-05-2021,Punjab,5469,8736,191,71663
21-05-2021,Tripura,863,379,2,11438
21-05-2021,Andhra Pradesh,20937,20811,104,92231
06-04-2021,Kerala,3502,1898,14,59051
17-04-2021,Jammu and Kashmir,1145,852,3,36531
29-04-2021,Tamil Nadu,17897,15542,107,140589
04-05-2021,Tripura,271,87,1,5385
06-05-2021,Meghalaya,347,129,2,2996
12-05-2021,Rajasthan,16384,12840,164,77032
11-04-2021,Tripura,48,\N,\N,1867
11-04-2021,Andhra Pradesh,3495,1198,9,31719
13-04-2021,Meghalaya,87,10,\N,2202
02-05-2021,Odisha,8015,6527,14,46560
13-05-2021,Chhattisgarh,9121,12274,195,67738
19-05-2021,Sikkim,272,222,2,838
24-05-2021,Nagaland,191,137,12,1006
08-04-2021,Jammu and Kashmir,835,246,1,44024
20-04-2021,Chhattisgarh,15625,18746,191,50699
25-04-2021,Goa,2293,658,24,5946
27-04-2021,Madhya Pradesh,13417,11577,98,59177
03-05-2021,Rajasthan,17296,11949,154,48801
05-05-2021,Delhi,20960,19209,311,79491
18-05-2021,Bihar,6286,11174,111,135130
01-04-2021,Punjab,3161,2291,58,40571
08-04-2021,Chandigarh,324,329,1,2522
12-04-2021,Delhi,11491,7665,72,92397
25-04-2021,Karnataka,34804,6982,143,176614
26-04-2021,Telangana,6551,3840,43,73275
27-04-2021,Gujarat,14352,7803,170,163192
02-05-2021,Haryana,13322,10423,145,50230
02-05-2021,Arunachal Pradesh,102,83,\N,2435
09-05-2021,Goa,2633,3078,67,5671
17-05-2021,Kerala,21402,99651,87,86505
08-04-2021,Bihar,1911,328,4,89704
16-04-2021,Goa,927,282,6,3189
18-04-2021,Madhya Pradesh,12248,7495,66,53628
21-04-2021,Lakshadweep,191,16,\N,1937
24-04-2021,Kerala,26685,7067,25,131155
25-04-2021,Uttar Pradesh,35311,25633,206,239584
09-05-2021,Karnataka,47930,31796,490,146491
22-05-2021,Tripura,864,332,2,14589
22-05-2021,Andhra Pradesh,19981,18336,118,90609
24-05-2021,Meghalaya,811,679,26,2633
05-04-2021,Nagaland,2,\N,\N,105
07-04-2021,Kerala,3502,1955,16,60554
16-04-2021,Karnataka,14859,4027,78,133737
17-04-2021,Telangana,4446,1414,12,126235
05-05-2021,Lakshadweep,127,160,1,1307
07-05-2021,Meghalaya,297,176,6,3102
09-05-2021,Uttar Pradesh,23175,34636,294,229595
12-04-2021,Tripura,10,2,1,871
14-04-2021,Meghalaya,98,5,\N,2711
29-04-2021,Ladakh,108,192,1,1181
03-05-2021,Odisha,8914,6488,5,46643
12-05-2021,Punjab,8271,4971,193,64869
19-05-2021,Chandigarh,414,870,9,2945
20-05-2021,Jharkhand,2056,4326,60,50504
23-05-2021,Delhi,1649,5158,189,68043
08-03-2021,Gujarat,0,\N,\N,37043
09-04-2021,Jammu and Kashmir,808,312,4,43035
10-04-2021,Odisha,1374,403,2,33996
21-04-2021,Chhattisgarh,14519,17263,193,45765
27-04-2021,Sikkim,97,40,2,7890
30-04-2021,Delhi,27047,25288,375,82745
04-05-2021,Rajasthan,16974,14146,154,99418
19-05-2021,Bihar,6059,12043,104,140102
20-05-2021,Arunachal Pradesh,360,214,\N,4602
02-04-2021,Punjab,2873,2002,57,41945
03-04-2021,Tripura,2,5,\N,499
03-04-2021,Andhra Pradesh,1398,787,9,31260
09-04-2021,Chandigarh,422,320,4,3260
11-04-2021,Rajasthan,5105,1015,10,57413
13-04-2021,Delhi,13468,7972,81,102460
26-04-2021,Bihar,11801,9228,67,80461
03-05-2021,Haryana,12885,13293,140,48566
03-05-2021,Arunachal Pradesh,220,90,\N,3747
05-05-2021,Chhattisgarh,15157,10152,253,59857
16-05-2021,Nagaland,241,108,13,923
18-05-2021,Kerala,31337,45926,97,134553
10-04-2021,Haryana,2937,1615,11,34236
10-04-2021,Arunachal Pradesh,3,1,\N,320
17-04-2021,Goa,762,436,4,3494
19-04-2021,Madhya Pradesh,12897,6836,79,50942
23-04-2021,Nagaland,89,1,\N,456
25-04-2021,Kerala,28469,8122,30,126773
23-05-2021,Tripura,876,196,6,12800
25-05-2021,Meghalaya,957,755,19,5413
01-04-2021,Jharkhand,690,162,1,16725
06-04-2021,Nagaland,\N,2,\N,170
17-04-2021,Karnataka,17489,5564,80,143308
18-04-2021,Telangana,5093,1555,15,129637
19-04-2021,Gujarat,11403,4179,117,158480
30-04-2021,Tripura,141,50,\N,4422
06-05-2021,Lakshadweep,152,134,1,1959
09-05-2021,Kerala,35801,29318,68,123980
11-05-2021,Assam,6258,4409,85,68572
21-05-2021,Odisha,12523,10881,27,61665
13-04-2021,Lakshadweep,21,9,\N,335
17-04-2021,Uttar Pradesh,27334,7831,120,215683
27-04-2021,Jammu and Kashmir,3164,1457,25,44278
04-05-2021,Odisha,8216,6164,15,43682
13-05-2021,Punjab,8410,8237,186,68809
14-05-2021,Andhra Pradesh,22018,19177,96,89087
22-05-2021,Rajasthan,6103,15464,115,62893
24-05-2021,Delhi,1550,4375,207,61506
01-04-2021,Assam,58,34,2,12253
11-04-2021,Odisha,1379,459,\N,31651
20-04-2021,Punjab,4656,3198,60,51389
21-04-2021,Andhra Pradesh,9716,3359,38,39619
27-04-2021,Chandigarh,837,426,6,4202
05-05-2021,Rajasthan,16815,17022,155,92687
21-05-2021,Haryana,5643,13486,112,55446
21-05-2021,Arunachal Pradesh,394,206,3,4615
04-04-2021,Tripura,14,\N,\N,1225
04-04-2021,Andhra Pradesh,1730,842,5,31072
06-04-2021,Meghalaya,9,4,\N,1352
12-04-2021,Rajasthan,5771,1291,25,26318
27-04-2021,Bihar,12604,7904,85,100328
29-04-2021,West Bengal,17403,12885,89,53724
06-05-2021,Chhattisgarh,13846,11600,212,61344
12-05-2021,Jharkhand,4362,8331,97,48105
17-05-2021,Nagaland,273,104,7,1219
11-04-2021,Haryana,3440,1896,16,34856
11-04-2021,Arunachal Pradesh,4,\N,\N,144
13-04-2021,Chhattisgarh,15121,4682,156,53793
18-04-2021,Goa,951,531,11,3256
24-04-2021,Nagaland,114,\N,1,744
01-05-2021,Himachal Pradesh,2751,1224,28,11782
10-05-2021,Manipur,424,87,13,2513
24-05-2021,Lakshadweep,236,124,\N,3155
02-04-2021,Jharkhand,694,137,1,18397
05-04-2021,Delhi,3548,2936,15,64003
18-04-2021,Karnataka,19067,4603,81,145645
19-04-2021,Telangana,4009,1878,14,83089
01-05-2021,Mizoram,113,\N,\N,2792
10-05-2021,Uttarakhand,5541,4887,168,26562
12-05-2021,Assam,5657,3880,71,63956
22-05-2021,Odisha,11108,10601,26,60759
02-04-2021,Arunachal Pradesh,1,\N,\N,104
09-04-2021,Goa,428,159,3,2761
14-04-2021,Lakshadweep,11,\N,\N,444
17-04-2021,Kerala,13835,3654,27,81211
18-04-2021,Uttar Pradesh,30566,9041,127,236609
28-04-2021,Jammu and Kashmir,3023,963,30,47422
15-05-2021,Tripura,449,250,3,4850
15-05-2021,Andhra Pradesh,22517,18739,98,89535
17-05-2021,Meghalaya,634,237,16,2328
23-05-2021,Rajasthan,6521,16520,113,52836
09-04-2021,Karnataka,7955,3220,46,135163
21-04-2021,Punjab,4953,2727,69,54108
22-04-2021,Tripura,168,74,\N,5291
22-04-2021,Andhra Pradesh,10759,3992,31,41871
24-04-2021,Meghalaya,155,148,1,2072
28-04-2021,Chandigarh,772,435,11,3561
30-04-2021,Rajasthan,17155,10034,155,82191
10-05-2021,Puducherry,1266,1108,23,5826
22-05-2021,Haryana,5021,11327,98,54538
22-05-2021,Arunachal Pradesh,314,291,3,4532
24-05-2021,Chhattisgarh,4209,8985,60,74584
05-04-2021,Tripura,3,10,\N,509
07-04-2021,Meghalaya,5,1,\N,1765
05-05-2021,Punjab,7953,6701,180,67336
13-05-2021,Jharkhand,4991,6882,108,59078
16-05-2021,Delhi,6456,9706,262,62059
03-04-2021,Odisha,452,205,\N,26700
12-04-2021,Punjab,3451,3407,52,22586
14-04-2021,Chhattisgarh,14250,4633,120,46528
20-04-2021,Jharkhand,5080,2334,45,33950
23-04-2021,Delhi,24331,23572,348,75037
25-04-2021,Nagaland,180,15,3,646
01-05-2021,Andaman and Nicobar Islands,97,72,1,1318
10-05-2021,Tamil Nadu,28978,20904,232,146233
13-05-2021,Arunachal Pradesh,256,180,3,3080
25-05-2021,Lakshadweep,264,104,2,3316
04-04-2021,Rajasthan,1729,587,2,46467
06-04-2021,Delhi,5100,2330,17,103453
19-04-2021,Bihar,7487,2619,41,83361
09-05-2021,Nagaland,237,128,3,1136
03-04-2021,Arunachal Pradesh,3,\N,\N,194
03-04-2021,Haryana,1959,1184,10,30998
16-04-2021,Nagaland,22,2,1,270
18-04-2021,Kerala,18257,4565,25,108898
20-04-2021,Assam,1651,279,3,67151
30-04-2021,Odisha,8681,5014,14,45452
02-05-2021,Manipur,256,80,5,2260
16-05-2021,Tripura,761,126,2,7624
18-05-2021,Meghalaya,906,470,19,4160
23-04-2021,Tripura,40,46,\N,1422
25-04-2021,Meghalaya,208,62,2,1435
02-05-2021,Uttarakhand,5606,2935,71,26263
04-05-2021,Assam,4475,2851,41,55003
14-05-2021,Odisha,12390,9329,22,56214
23-05-2021,Punjab,5021,8527,192,83258
25-05-2021,Chhattisgarh,3506,7893,77,72031
06-04-2021,Lakshadweep,7,\N,\N,186
06-05-2021,Punjab,8841,5126,154,63576
07-05-2021,Andhra Pradesh,17188,12749,73,100424
15-05-2021,Rajasthan,13565,17481,149,50205
17-05-2021,Delhi,4524,10918,340,53756
04-04-2021,Odisha,471,300,1,29281
13-04-2021,Punjab,2980,2612,50,39037
14-04-2021,Andhra Pradesh,4157,1606,18,35732
22-04-2021,Rajasthan,14468,3618,59,58635
24-04-2021,Delhi,24103,22695,357,74702
02-05-2021,Puducherry,1360,987,16,5173
02-05-2021,Andaman and Nicobar Islands,38,25,1,793
11-05-2021,Tamil Nadu,29272,19182,298,156111
14-05-2021,Haryana,10608,14577,164,64912
14-05-2021,Arunachal Pradesh,263,223,5,2797
05-04-2021,Rajasthan,2429,527,12,19774
21-04-2021,Haryana,9623,3928,45,45826
21-04-2021,Arunachal Pradesh,73,16,\N,2338
28-04-2021,Goa,3101,839,24,8018
05-05-2021,Jharkhand,5770,5804,141,35486
10-05-2021,Ladakh,112,106,2,2285
11-05-2021,Himachal Pradesh,4977,3099,64,17286
20-05-2021,Manipur,644,546,11,3113
04-04-2021,Haryana,1904,1110,7,28407
06-04-2021,Chhattisgarh,9921,1719,53,47973
12-04-2021,Jharkhand,2366,937,19,37028
17-04-2021,Nagaland,32,\N,\N,366
28-04-2021,Karnataka,39047,11833,229,171997
29-04-2021,Telangana,7994,4009,58,80181
03-05-2021,Manipur,362,107,7,2156
11-05-2021,Mizoram,172,82,\N,3559
17-05-2021,Lakshadweep,219,129,\N,1051
01-04-2021,Himachal Pradesh,409,157,4,7203
10-04-2021,Manipur,11,1,\N,1049
24-04-2021,Lakshadweep,157,33,\N,2104
26-04-2021,Meghalaya,130,114,1,2408
28-04-2021,Uttar Pradesh,29751,35903,265,186787
03-05-2021,Uttarakhand,5403,3344,128,33215
05-05-2021,Assam,4826,2916,55,52074
15-05-2021,Odisha,11805,10781,21,57002
24-05-2021,Punjab,4481,6803,187,56119
25-05-2021,Andhra Pradesh,15284,20917,106,72979
01-04-2021,Mizoram,3,2,\N,803
07-04-2021,Lakshadweep,19,4,\N,319
10-04-2021,Uttarakhand,1233,317,3,33668
12-04-2021,Assam,583,98,\N,102182
22-04-2021,Odisha,6164,2165,7,44983
08-05-2021,Tripura,359,117,1,5952
08-05-2021,Andhra Pradesh,20065,19272,96,101571
16-05-2021,Rajasthan,10290,24440,156,72779
20-05-2021,Puducherry,1957,1304,28,9347
20-05-2021,Andaman and Nicobar Islands,49,16,1,496
14-04-2021,Punjab,3302,3173,63,32242
15-04-2021,Andhra Pradesh,5086,1745,14,35741
17-04-2021,Meghalaya,95,11,\N,1882
23-04-2021,Rajasthan,15398,5197,64,86039
25-04-2021,Delhi,22933,21071,350,75912
03-05-2021,Puducherry,799,790,15,3333
15-05-2021,Haryana,9676,12593,144,56557
15-05-2021,Arunachal Pradesh,249,199,1,2770
17-05-2021,Chhattisgarh,6577,13865,149,65000
23-05-2021,Jharkhand,1345,4375,37,41251
10-04-2021,Puducherry,272,136,2,3821
10-04-2021,Andaman and Nicobar Islands,14,10,\N,2113
22-04-2021,Haryana,9742,6512,55,40687
22-04-2021,Arunachal Pradesh,110,9,\N,2741
24-04-2021,Chhattisgarh,16731,17029,218,57225
29-04-2021,Goa,3019,914,36,5910
06-05-2021,Jharkhand,6974,5740,133,91764
09-05-2021,Delhi,13336,14738,273,61552
11-05-2021,Ladakh,135,130,\N,1992
12-05-2021,Himachal Pradesh,4977,2187,66,16859
21-05-2021,Manipur,656,1247,15,3157
05-04-2021,Punjab,2692,2515,72,21605
07-04-2021,Chhattisgarh,10310,3819,53,42289
13-04-2021,Jharkhand,2844,1003,29,36674
16-04-2021,Delhi,19486,12649,141,98957
18-04-2021,Nagaland,19,8,\N,255
29-04-2021,Karnataka,35024,14142,270,175816
03-05-2021,Tamil Nadu,20952,18016,122,141021
06-05-2021,Arunachal Pradesh,222,140,\N,3459
11-05-2021,Maharashtra,40956,71966,793,217664
12-05-2021,Mizoram,240,118,1,3740
18-05-2021,Lakshadweep,226,151,1,2537
21-05-2021,Uttarakhand,3626,8731,116,42436
23-05-2021,Assam,3563,5785,72,62722
01-04-2021,Andaman and Nicobar Islands,1,4,\N,1592
10-04-2021,Tamil Nadu,5989,1952,23,84546
11-04-2021,Manipur,10,3,1,727
25-04-2021,Lakshadweep,164,29,\N,1675
29-04-2021,Uttar Pradesh,35104,25613,295,225734
30-04-2021,Assam,3197,2449,26,72239
02-05-2021,Ladakh,140,193,1,1189
10-05-2021,West Bengal,19445,18675,134,62186
25-05-2021,Punjab,4756,6451,174,74683
01-04-2021,Maharashtra,43183,32641,249,183198
11-04-2021,Uttarakhand,1333,243,8,32618
13-04-2021,Assam,590,52,1,59310
23-04-2021,Odisha,6215,2452,8,41538
01-05-2021,Madhya Pradesh,12379,14562,102,60835
09-05-2021,Tripura,351,132,1,6360
21-05-2021,Puducherry,1702,2017,26,9043
21-05-2021,Andaman and Nicobar Islands,31,16,2,666
02-04-2021,Manipur,5,12,\N,859
16-04-2021,Tripura,31,7,\N,1580
16-04-2021,Andhra Pradesh,6096,2194,20,35962
18-04-2021,Meghalaya,71,41,1,1865
24-04-2021,Rajasthan,15355,4959,74,86089
01-05-2021,Gujarat,13847,10582,172,150771
07-05-2021,Odisha,12238,8401,19,50799
16-05-2021,Punjab,6950,9059,202,72422
18-05-2021,Chhattisgarh,6477,12098,153,69873
24-05-2021,Jharkhand,1394,3291,33,48088
25-04-2021,Chhattisgarh,12666,11595,199,41150
08-05-2021,Rajasthan,17987,17667,160,79431
12-05-2021,Andaman and Nicobar Islands,44,26,3,544
21-05-2021,Tamil Nadu,36184,24478,467,174112
22-05-2021,Manipur,757,652,13,3163
06-04-2021,Punjab,2905,2350,61,43844
07-04-2021,Andhra Pradesh,2331,853,11,31812
15-04-2021,Rajasthan,6658,2254,33,43383
17-04-2021,Delhi,24375,15414,167,99230
20-04-2021,Himachal Pradesh,1340,1078,16,9744
04-05-2021,Tamil Nadu,21228,19112,144,140512
07-05-2021,Haryana,13867,13584,162,52514
07-05-2021,Arunachal Pradesh,168,132,1,3152
12-05-2021,Maharashtra,46781,58805,816,252167
22-05-2021,Uttarakhand,2903,8164,134,31732
24-05-2021,Assam,6221,5252,84,120668
02-04-2021,Puducherry,213,82,1,2596
02-04-2021,Andaman and Nicobar Islands,\N,1,\N,1545
11-04-2021,Tamil Nadu,6618,2314,22,88538
14-04-2021,Haryana,5398,2166,18,39543
14-04-2021,Arunachal Pradesh,10,1,\N,296
26-04-2021,Lakshadweep,121,119,\N,1033
29-04-2021,Kerala,38607,21116,48,157548
03-05-2021,Ladakh,89,149,3,816
04-05-2021,Himachal Pradesh,3824,1992,48,15954
11-05-2021,West Bengal,20136,18994,132,68142
13-05-2021,Manipur,560,253,10,3767
05-04-2021,Jharkhand,1086,438,10,19253
01-05-2021,Sikkim,259,41,1,797
04-05-2021,Mizoram,198,56,\N,3517
03-04-2021,Manipur,9,6,\N,936
17-04-2021,Lakshadweep,106,5,\N,1246
19-04-2021,Meghalaya,110,33,1,1346
02-05-2021,West Bengal,17515,15587,92,56209
08-05-2021,Odisha,11807,7664,21,50864
17-05-2021,Punjab,6881,8552,191,60994
18-05-2021,Andhra Pradesh,21320,21274,99,91253
03-04-2021,Uttarakhand,439,176,4,9094
05-04-2021,Assam,70,60,\N,17605
15-04-2021,Odisha,2989,837,2,34571
24-04-2021,Punjab,5663,2949,92,54456
26-04-2021,Chhattisgarh,15084,17341,226,54250
09-05-2021,Rajasthan,17921,16880,159,75488
13-05-2021,Puducherry,1942,912,24,9292
13-05-2021,Andaman and Nicobar Islands,40,38,2,402
22-05-2021,Tamil Nadu,35873,25776,448,175231
25-05-2021,Haryana,2817,6720,128,50545
25-05-2021,Arunachal Pradesh,429,231,2,6714
07-04-2021,Punjab,2963,2959,62,43482
08-04-2021,Tripura,37,3,\N,1512
08-04-2021,Andhra Pradesh,2558,915,6,31268
16-04-2021,Rajasthan,7359,2791,31,60898
18-04-2021,Delhi,25462,20159,161,85620
20-04-2021,Andaman and Nicobar Islands,45,31,\N,1753
08-05-2021,Haryana,14667,14366,155,55555
08-05-2021,Arunachal Pradesh,244,135,\N,3165
16-05-2021,Jharkhand,2321,7119,48,42945
21-05-2021,Ladakh,121,110,1,1921
03-04-2021,Puducherry,191,137,\N,1302
03-04-2021,Andaman and Nicobar Islands,14,6,\N,1206
12-04-2021,Tamil Nadu,6711,2339,19,82982
15-04-2021,Haryana,5858,2743,18,31493
15-04-2021,Arunachal Pradesh,8,6,\N,211
17-04-2021,Chhattisgarh,16083,9828,158,53916
20-04-2021,Maharashtra,62097,54224,519,265925
28-04-2021,Nagaland,124,32,2,676
01-05-2021,Jammu and Kashmir,3832,1801,47,44405
04-05-2021,Ladakh,245,151,3,2163
05-05-2021,Himachal Pradesh,3842,1480,32,15741
14-05-2021,Manipur,726,381,16,3229
06-04-2021,Jharkhand,1264,298,4,27379
09-04-2021,Delhi,8521,5032,39,109398
12-04-2021,Himachal Pradesh,1089,381,9,6347
21-04-2021,Manipur,92,22,2,1565
01-05-2021,Chandigarh,799,472,11,3872
04-05-2021,Maharashtra,51880,65934,891,240956
05-05-2021,Mizoram,238,137,\N,3218
14-05-2021,Uttarakhand,5775,4483,181,29094
16-05-2021,Assam,3650,4225,56,42884
20-05-2021,Gujarat,4773,8308,64,96914
03-04-2021,Tamil Nadu,3446,1834,14,82078
04-04-2021,Manipur,8,7,\N,1388
11-04-2021,Maharashtra,63294,34008,349,263137
12-04-2021,Mizoram,7,10,1,520
18-04-2021,Lakshadweep,114,4,\N,1367
21-04-2021,Uttarakhand,4807,894,34,36657
23-04-2021,Assam,2384,348,12,72405
01-05-2021,Bihar,13789,10905,82,95686
03-05-2021,West Bengal,17501,15937,98,55287
11-05-2021,Madhya Pradesh,9754,9517,94,66016
18-05-2021,Punjab,7066,8174,231,63416
19-05-2021,Tripura,879,317,5,10185
19-05-2021,Andhra Pradesh,23160,24819,106,101330
04-04-2021,Uttarakhand,550,148,2,35118
06-04-2021,Assam,92,34,2,14740
10-04-2021,West Bengal,4043,1268,12,36865
16-04-2021,Odisha,3108,952,3,31891
25-04-2021,Punjab,6980,5315,76,58286
26-04-2021,Andhra Pradesh,9881,4431,51,74041
10-05-2021,Telangana,4826,7754,32,65923
11-05-2021,Gujarat,10990,15198,118,143515
14-05-2021,Puducherry,1974,1088,30,9148
14-05-2021,Andaman and Nicobar Islands,32,12,2,425
23-05-2021,Tamil Nadu,35483,25196,422,176824
01-04-2021,Madhya Pradesh,2546,1573,12,25656
09-04-2021,Tripura,32,8,\N,1686
09-04-2021,Andhra Pradesh,2765,1245,11,31892
17-04-2021,Rajasthan,9046,2823,37,66561
21-04-2021,Puducherry,619,283,5,5607
21-04-2021,Andaman and Nicobar Islands,24,33,\N,1935
30-04-2021,Tamil Nadu,18692,16007,113,143571
09-05-2021,Punjab,8436,5850,191,59766
17-05-2021,Jharkhand,2507,5463,60,52887
22-05-2021,Ladakh,131,211,3,1440
23-05-2021,Himachal Pradesh,1309,4059,59,7745
01-04-2021,Gujarat,2410,2015,9,101022
18-04-2021,Chhattisgarh,12345,14556,170,42652
24-04-2021,Jharkhand,5152,2865,110,35909
29-04-2021,Nagaland,181,29,\N,643
30-04-2021,Himachal Pradesh,2358,1734,37,11951
02-05-2021,Jammu and Kashmir,3571,1453,40,35721
05-05-2021,Andaman and Nicobar Islands,42,49,1,667
14-05-2021,Tamil Nadu,31892,20037,288,160042
15-05-2021,Manipur,730,403,10,3431
20-05-2021,Sikkim,249,216,3,676
22-05-2021,Maharashtra,26133,40294,682,281585
23-05-2021,Mizoram,214,103,2,12564
13-04-2021,Himachal Pradesh,619,408,11,8730
22-04-2021,Manipur,86,25,1,1533
30-04-2021,Mizoram,140,44,2,3000
02-05-2021,Chandigarh,860,483,7,4010
05-05-2021,Maharashtra,57640,57006,920,279200
15-05-2021,Uttarakhand,5654,4806,197,24010
17-05-2021,Assam,6394,4737,92,91481
21-05-2021,West Bengal,19847,19017,159,77627
04-04-2021,Tamil Nadu,3581,1813,14,82791
07-04-2021,Haryana,2366,1198,11,32584
07-04-2021,Arunachal Pradesh,8,2,\N,330
12-04-2021,Maharashtra,51751,52312,258,208021
13-04-2021,Mizoram,36,1,\N,1660
19-04-2021,Lakshadweep,117,17,\N,1587
22-04-2021,Uttarakhand,3998,1744,19,36446
24-04-2021,Assam,2236,619,14,69094
04-05-2021,West Bengal,17639,16547,107,57748
10-05-2021,Goa,2804,2367,50,6107
12-05-2021,Madhya Pradesh,8970,10324,84,64677
11-04-2021,West Bengal,4398,1773,10,40372
27-04-2021,Tripura,111,44,\N,4370
27-04-2021,Andhra Pradesh,11434,7055,64,74435
29-04-2021,Meghalaya,187,129,2,2553
10-05-2021,Karnataka,39305,32188,596,124110
11-05-2021,Telangana,4801,7430,32,75289
12-05-2021,Gujarat,11017,15264,102,143658
15-05-2021,Puducherry,1598,1774,20,9139
22-04-2021,Puducherry,987,464,4,4675
10-05-2021,Uttar Pradesh,21277,29709,278,215633
20-05-2021,Jammu and Kashmir,4169,4042,67,47432
24-05-2021,Himachal Pradesh,1949,3686,61,11166
02-04-2021,Gujarat,2640,2066,11,107206
08-04-2021,Odisha,879,228,\N,31057
17-04-2021,Punjab,4431,2615,62,43042
19-04-2021,Chhattisgarh,13834,12678,175,48673
25-04-2021,Jharkhand,5903,3287,103,30299
28-04-2021,Delhi,25986,24130,368,81829
30-04-2021,Ladakh,103,247,3,1204
06-05-2021,Puducherry,1510,779,18,7150
06-05-2021,Andaman and Nicobar Islands,32,30,1,382
15-05-2021,Tamil Nadu,33658,20905,303,164945
18-05-2021,Haryana,7774,14897,124,60457
18-05-2021,Arunachal Pradesh,356,302,2,4888
20-05-2021,Chandigarh,404,891,10,3208
23-05-2021,Maharashtra,26672,29177,1320,290155
09-04-2021,Rajasthan,3970,1005,12,54916
10-04-2021,Jammu and Kashmir,1005,359,6,42060
13-04-2021,Andaman and Nicobar Islands,8,4,\N,2075
22-04-2021,Tamil Nadu,12652,7526,59,115653
30-04-2021,Maharashtra,62919,69710,828,290207
09-05-2021,Jharkhand,4169,6461,97,37644
14-05-2021,Ladakh,240,231,2,2057
22-05-2021,West Bengal,18863,19202,154,70019
05-04-2021,Tamil Nadu,3672,1842,11,80056
08-04-2021,Haryana,2872,969,11,32963
08-04-2021,Arunachal Pradesh,12,\N,\N,499
13-04-2021,Maharashtra,60212,31624,281,237658
25-04-2021,Assam,1844,558,14,33674
07-05-2021,Manipur,600,83,2,3421
12-05-2021,Sikkim,227,93,6,730
01-04-2021,Jammu and Kashmir,461,114,4,38075
05-04-2021,Himachal Pradesh,567,268,6,4770
14-04-2021,Manipur,21,6,\N,849
20-04-2021,Madhya Pradesh,12727,8937,77,51385
28-04-2021,Tripura,124,35,2,4598
07-05-2021,Uttarakhand,9642,4643,137,36850
09-05-2021,Assam,3299,4045,48,36135
11-05-2021,Bihar,10920,13852,72,110071
13-05-2021,Gujarat,10742,15269,109,139869
19-05-2021,Odisha,11099,10036,21,60510
01-04-2021,Chandigarh,257,223,1,2030
04-04-2021,Maharashtra,57074,27508,222,196988
05-04-2021,Mizoram,1,5,\N,426
14-04-2021,Uttarakhand,1953,483,13,45256
16-04-2021,Assam,573,113,4,32421
20-04-2021,Gujarat,12206,4339,121,173582
26-04-2021,Odisha,6599,4180,9,39642
02-05-2021,Goa,2030,1255,52,4794
04-05-2021,Madhya Pradesh,12236,11249,98,66054
10-05-2021,Kerala,27487,31209,65,99748
21-05-2021,Jammu and Kashmir,3848,4466,43,47159
24-05-2021,Andaman and Nicobar Islands,9,22,1,131
01-04-2021,Bihar,488,158,2,60262
03-04-2021,West Bengal,1736,579,5,26114
09-04-2021,Odisha,1282,310,1,29081
11-04-2021,Madhya Pradesh,5939,3306,24,39288
18-04-2021,Punjab,4900,3141,68,46695
19-04-2021,Andhra Pradesh,5963,2569,27,37765
27-04-2021,Rajasthan,16089,7426,121,89693
29-04-2021,Delhi,24235,25615,395,73851
02-05-2021,Karnataka,37733,21148,217,158365
03-05-2021,Telangana,5695,6206,49,58742
04-05-2021,Gujarat,13050,12121,131,140775
07-05-2021,Puducherry,1746,1079,19,8220
07-05-2021,Andaman and Nicobar Islands,56,72,\N,490
16-05-2021,Tamil Nadu,33181,21317,311,166812
19-05-2021,Haryana,6818,11821,153,69780
19-05-2021,Arunachal Pradesh,337,148,2,4509
21-05-2021,Chandigarh,406,790,14,3314
24-05-2021,Maharashtra,22122,42320,592,263774
10-04-2021,Telangana,2909,584,6,111726
14-04-2021,Puducherry,476,242,2,4376
14-04-2021,Andaman and Nicobar Islands,38,24,1,1874
23-04-2021,Tamil Nadu,13776,8078,78,125593
26-04-2021,Haryana,11504,6211,75,35523
26-04-2021,Arunachal Pradesh,168,25,\N,3576
02-05-2021,Uttar Pradesh,30857,36650,288,297385
15-05-2021,Ladakh,177,180,2,1487
16-05-2021,Himachal Pradesh,2378,4974,70,10186
25-05-2021,Manipur,824,468,15,3788
09-04-2021,Haryana,2994,1970,11,36226
17-04-2021,Jharkhand,3838,1234,30,40990
23-04-2021,Himachal Pradesh,1189,772,26,10385
30-04-2021,West Bengal,17411,13932,96,53248
08-05-2021,Manipur,442,85,12,2824
12-05-2021,Chandigarh,776,859,14,3442
13-05-2021,Sikkim,231,142,9,681
15-05-2021,Maharashtra,34848,59073,960,237264
16-05-2021,Mizoram,180,189,1,4126
25-05-2021,Uttarakhand,2756,6674,93,37068
02-04-2021,Jammu and Kashmir,517,171,5,40724
06-04-2021,Himachal Pradesh,428,456,5,7187
15-04-2021,Manipur,18,10,\N,849
23-04-2021,Mizoram,62,5,\N,3200
29-04-2021,Lakshadweep,158,45,3,2216
08-05-2021,Uttarakhand,8390,4771,118,39310
12-05-2021,Bihar,9863,12265,74,111740
14-05-2021,West Bengal,20846,19131,136,70051
20-05-2021,Goa,1582,3694,44,4581
02-04-2021,Chandigarh,287,139,1,2102
05-04-2021,Maharashtra,47288,26252,155,175682
06-04-2021,Mizoram,9,1,\N,735
15-04-2021,Uttarakhand,2220,397,9,38611
17-04-2021,Assam,876,149,2,43268
27-04-2021,Odisha,6073,4089,10,36845
03-05-2021,Goa,2703,1425,46,6013
05-05-2021,Madhya Pradesh,12319,9643,71,66283
11-05-2021,Kerala,37290,32978,79,139287
20-05-2021,Karnataka,28869,52257,548,120711
21-05-2021,Telangana,3464,4801,25,65997
25-05-2021,Puducherry,1237,1571,26,9148
04-04-2021,West Bengal,1957,644,4,26768
10-04-2021,Goa,540,167,1,2960
12-04-2021,Madhya Pradesh,6489,3117,37,38306
28-04-2021,Rajasthan,16613,8303,120,85621
03-05-2021,Karnataka,44438,20901,239,149090
04-05-2021,Telangana,6876,7432,59,70961
05-05-2021,Gujarat,12955,12995,133,145185
08-05-2021,Puducherry,1703,1177,19,9132
10-04-2021,Karnataka,6955,3350,36,98790
11-04-2021,Telangana,3187,787,7,115311
12-04-2021,Gujarat,6021,2854,55,143278
15-04-2021,Puducherry,413,176,1,2811
27-04-2021,Haryana,11931,7184,84,47198
27-04-2021,Arunachal Pradesh,123,28,\N,3093
29-04-2021,Chhattisgarh,15804,16489,251,61006
02-05-2021,Kerala,31959,16296,49,112635
03-05-2021,Uttar Pradesh,29052,38687,285,229613
13-05-2021,Jammu and Kashmir,4356,2995,55,44329
17-05-2021,Himachal Pradesh,3546,3760,58,13534
10-04-2021,Uttar Pradesh,12748,2207,46,212252
18-04-2021,Jharkhand,3992,1551,50,41900
20-04-2021,Jammu and Kashmir,2030,716,8,39256
23-04-2021,Ladakh,152,159,\N,81092
24-04-2021,Himachal Pradesh,2073,877,24,10534
08-05-2021,Tamil Nadu,27397,23110,241,155998
13-05-2021,Chandigarh,760,837,10,3557
16-05-2021,Maharashtra,34389,59318,974,264587
17-05-2021,Mizoram,150,245,2,599
03-04-2021,Jammu and Kashmir,501,140,2,38366
06-04-2021,Andaman and Nicobar Islands,7,9,\N,1467
15-04-2021,Tamil Nadu,7987,4176,29,95387
20-04-2021,Chandigarh,602,443,4,3026
23-04-2021,Maharashtra,66836,74045,773,277610
24-04-2021,Mizoram,63,32,\N,1992
07-05-2021,Ladakh,114,145,1,2654
15-05-2021,West Bengal,19511,19211,144,66563
21-05-2021,Goa,1625,3075,30,5063
23-05-2021,Madhya Pradesh,3375,7587,75,79083
03-04-2021,Chandigarh,310,245,1,2414
06-04-2021,Maharashtra,55469,34256,297,201693
16-04-2021,Uttarakhand,2402,1080,17,32944
18-04-2021,Assam,639,159,6,23300
20-04-2021,Bihar,10455,3577,51,106156
22-04-2021,West Bengal,11948,6590,56,53154
28-04-2021,Odisha,8386,4521,10,42401
30-04-2021,Madhya Pradesh,12400,13584,97,58708
05-05-2021,Sikkim,221,89,4,801
10-05-2021,Nagaland,133,47,10,522
21-05-2021,Karnataka,32218,52581,353,133013
22-05-2021,Telangana,3308,4723,21,63120
23-05-2021,Gujarat,3794,8734,53,102175
07-04-2021,Manipur,12,\N,\N,883
11-04-2021,Goa,525,170,2,2505
13-04-2021,Madhya Pradesh,8998,4070,40,46526
04-05-2021,Bihar,14794,11926,105,94891
06-05-2021,Gujarat,12545,13021,123,138593
21-05-2021,Uttar Pradesh,7682,17668,172,289210
07-04-2021,Uttarakhand,1109,88,5,31249
09-04-2021,Assam,281,38,3,25119
11-04-2021,Karnataka,10250,2638,40,132706
12-04-2021,Telangana,2251,565,6,79027
13-04-2021,Gujarat,6690,2748,67,149329
19-04-2021,Odisha,4445,1503,4,36175
03-05-2021,Kerala,26011,19519,45,96296
14-05-2021,Jammu and Kashmir,3027,3814,60,31552
17-05-2021,Andaman and Nicobar Islands,35,46,1,428
02-04-2021,Goa,280,81,1,2029
10-04-2021,Kerala,6194,2584,17,61957
11-04-2021,Uttar Pradesh,15276,2769,67,203824
21-04-2021,Jammu and Kashmir,2204,733,13,43807
25-04-2021,Himachal Pradesh,1363,1161,32,7164
09-05-2021,Tamil Nadu,28897,23515,236,153790
10-05-2021,Meghalaya,409,241,5,1785
14-05-2021,Chandigarh,650,925,8,3361
17-05-2021,Maharashtra,26616,48211,1000,234416
02-04-2021,Karnataka,4991,1631,6,118933
03-04-2021,Telangana,1078,331,6,59705
07-04-2021,Puducherry,173,125,1,1149
07-04-2021,Andaman and Nicobar Islands,8,10,\N,1744
16-04-2021,Tamil Nadu,8449,4920,33,97201
19-04-2021,Haryana,6842,3663,33,32278
19-04-2021,Arunachal Pradesh,65,11,\N,1162
21-04-2021,Chandigarh,622,454,2,2970
24-04-2021,Maharashtra,67160,63818,676,286412
25-04-2021,Mizoram,105,34,1,2300
08-05-2021,Ladakh,156,143,1,2330
09-05-2021,Himachal Pradesh,3093,2459,55,9367
18-05-2021,Manipur,624,337,20,3201
22-05-2021,Goa,1647,2693,39,4581
23-05-2021,Sikkim,324,198,3,1010
24-05-2021,Madhya Pradesh,2936,6989,60,75910
16-04-2021,Himachal Pradesh,842,484,9,6389
23-04-2021,West Bengal,12876,6878,59,52646
05-05-2021,Chandigarh,817,610,14,3712
06-05-2021,Sikkim,264,50,3,898
08-05-2021,Maharashtra,56578,82266,864,260751
18-05-2021,Uttarakhand,4785,7019,98,38000
22-05-2021,Karnataka,31183,61766,451,128761
23-05-2021,Telangana,2242,4693,19,42526
24-05-2021,Gujarat,3187,9305,45,99600
08-04-2021,Manipur,16,3,1,1069
16-04-2021,Mizoram,25,5,\N,2481
30-04-2021,Telangana,7646,5926,53,77091
05-05-2021,Bihar,14836,11726,61,95248
07-05-2021,West Bengal,19216,17780,112,64551
13-05-2021,Goa,2491,2266,63,7084
21-05-2021,Kerala,29673,41032,142,133558
22-05-2021,Uttar Pradesh,5964,17540,218,307415
08-04-2021,Uttarakhand,787,265,3,30074
12-04-2021,Bihar,2999,636,6,80018
29-04-2021,Punjab,6724,5059,137,55988
02-05-2021,Nagaland,216,27,2,541
04-05-2021,Kerala,37190,26148,57,142588
13-05-2021,Karnataka,35297,34057,344,127668
14-05-2021,Telangana,4305,6361,29,57416
18-05-2021,Puducherry,1797,1670,33,9559
18-05-2021,Andaman and Nicobar Islands,36,30,3,293
03-04-2021,Goa,219,151,2,2062
05-04-2021,Madhya Pradesh,3398,2064,15,31389
11-04-2021,Kerala,6986,2358,16,65003
25-04-2021,Puducherry,1008,476,11,5632
25-04-2021,Andaman and Nicobar Islands,51,57,\N,1462
11-05-2021,Meghalaya,450,206,9,2834
03-04-2021,Karnataka,4373,1959,19,123830
04-04-2021,Telangana,1321,293,5,62973
05-04-2021,Gujarat,3160,2028,15,116221
08-04-2021,Puducherry,293,113,\N,3451
28-04-2021,Jharkhand,8075,4362,149,70757
06-05-2021,Jammu and Kashmir,4926,2836,52,47401
19-05-2021,Manipur,582,347,23,3095
24-05-2021,Sikkim,101,224,8,406
